<?xml version="1.0" encoding="UTF-8"?>
<?xml-model href="http://www.tei-c.org/release/xml/tei/custom/schema/relaxng/tei_all.rng" type="application/xml" schematypens="http://relaxng.org/ns/structure/1.0"?>
<?xml-model href="http://www.tei-c.org/release/xml/tei/custom/schema/relaxng/tei_all.rng" type="application/xml"
	schematypens="http://purl.oclc.org/dsdl/schematron"?>
<TEI xmlns="http://www.tei-c.org/ns/1.0">
    <teiHeader>
        <fileDesc>
            <titleStmt>
                <title>Critical Apparatus</title>
                <respStmt>
                    <resp>Edited by</resp>
                    <name>Eugenio Burgio</name>
                    <name>Samuela Simion</name>
                </respStmt>
                <respStmt>
                    <resp>Text Encoding by</resp>
                    <name>Elisa Cugliana</name>
                </respStmt>
            </titleStmt>
            <publicationStmt>
                <p>Publication Information</p>
            </publicationStmt>
            <sourceDesc>
                <p>Information about the source</p>
            </sourceDesc>
        </fileDesc>
    </teiHeader>
    <text>
        <body>
            <listApp xml:id="MP_listApp">
                <app from="#c105_tr105_p1">
                    <note>
                        <ref type="witlink" target="#c105_F105">F 105</ref> (<quote>Ci devise de la
                            grant cité de <placeName ref="#giugiu">Giugiu</placeName></quote>); <ref
                            type="witlink"><!-- manca il target -->Fr 105</ref> (<quote>Ci devise de
                            la grant cité de <placeName ref="#giugiu">Gingui</placeName></quote>);
                            <ref type="witlink" target="#MP_listAppc105_K35">K 35</ref>; <ref
                            type="witlink">L 85</ref> (<quote>De civitate <placeName ref="#giugiu"
                                >Giogiu</placeName></quote>); <ref type="witlink"
                            target="#c105_R2.28">R II 28</ref> (<quote>Delle condizioni della città
                            di <placeName ref="#giugiu">Gouza</placeName></quote>);
                        <ref
                            type="witlink"
                            target="#c105_V50_p6 #c105_V50_p7 #c105_V50_p8 #c105_V50_p9 #c105_V50_p10"
                            >V 50 6-10</ref> (<quote>Qui chomenza dela gran provinzia del
                                <placeName>Chataio</placeName>, e primieramente del flume
                                <placeName>Palisangin</placeName></quote>); <ref type="witlink"
                            target="#c105_VA84">VA 84</ref> (<quote>Della zità de <placeName
                                ref="#giugiu">Grongi</placeName> e della provinzia de
                                <placeName>Catai</placeName></quote>); <ref type="witlink"
                            target="#c105_P2.28">P II 28</ref> (<quote>Brevis quedam descriptio
                            partis unius provincie <placeName>Cathay</placeName>. Capitulum
                            XXVIII</quote>); <ref type="witlink"
                            target="#c105_TB47_p1 #c105_TB47_p2 #c105_TB47_p3 #c105_TB47_p4 #c105_TB47_p5"
                            >TB 47 1-5</ref>; <ref type="witlink" target="#c105_VB74">VB 74</ref>;
                            <ref type="witlink" target="#c105_TA105">TA 105</ref> (<quote>De la
                            grande città del <placeName ref="#giugiu">Giogui</placeName></quote>);
                            <ref type="witlink" target="#c105_Z47">Z 47</ref>. The description of
                        the territories between the <placeName>Pulisanghin</placeName> bridge and
                        the kingdom of <placeName ref="#taianfu">Taianfu</placeName> has a rather
                        similar content in all the witnesses up to <ref type="witlink"
                            target="#MP_listAppc105_tr105_p6">DM 105 6</ref>
                        <quote>«and beautiful vineyards»</quote> (= <ref type="witlink"
                            target="#c105_tr105_p6">F 105 6</ref>
                        <quote>«bielle vingnes»</quote>); from this <hi rend="italic">locus</hi> on,
                        the witnesses are clearly divided, as to to their content, into two groups:
                        the α branch retains a text which substantially coincides with F; the branch
                        β provides (a) a more detailed explanation of the friendly character of the
                        people (see <ref type="witlink" target="#c105_R2.28_p5">R II 28 5</ref>, and
                        partly – because the Toledo copy is abbreviated – <ref type="witlink"
                            target="#c105_Z47_p7 #c105_Z47_p8">Z 47 7-8</ref>) and (b) the
                        description of the city «<placeName ref="#achbaluch">Achbaluch</placeName>»
                        and of <persName ref="#cublai">Khublai Khan</persName>’s <term>hunting
                            estate</term>. (b) is a section testified in detail only by <ref
                            type="witlink" target="#c105_R2.28_p6 #c105_R2.28_p7">R II 28 6-7</ref>;
                        its quality as witness of the original DM text is confirmed by the presence
                        of the name «<placeName ref="#achbaluch">Hachbaluch</placeName>» in Fra’
                        Mauro’s Mappamundi (1550ca.): both Ramusio the Camaldolese monk could use,
                        in this case, a complete (or at least, less abbreviated than Z<hi
                            rend="superscript">to</hi>) copy of the Latin Z redaction. See <ref
                            type="bibl" target="#BURGIO_2014">Burgio (2014)</ref>, whose discussion is used in the
                        commentary to this chapter. The text of the ch. 105 is thus reconstructed
                        thanks to the junction on the F text – witness of α – of R paragraphs 5-7.
                    </note>
                </app>
                <app from="#app2_start" to="app2_end">
                    <lem>mock lemma</lem>
                    <rdg wit="F">F mock reading</rdg>
                    <rdg wit="K">K mock reading</rdg>
                    <note>mock note</note>
                </app>
                <app from="#c105_tr105_p6" to="app2_end">
                    <lem>mock lemma</lem>
                    <rdg wit="F">F mock reading</rdg>
                    <rdg wit="K">K mock reading</rdg>
                    <note>mock note</note>
                </app>
                <app from="#c105_tr105_p8">
                    <note> Paragraphs 8-9 are based on <ref type="witlink"
                            target="#c105_R2.28_p6 #c105_R2.28_p7">R II 28 6-7</ref>
                        <quote>«Et in capo di cinque giornate delle predette dieci, dicono esservi
                            una città piú bella et maggior dell’altre chiamata <placeName
                                ref="#achbaluch">Achbaluch</placeName>, fino alla quale verso quella
                            parte confina il termine della cacciagione del signore, dove niuno
                            ardisce di andar alla <term>caccia</term>, eccetto il signore con la sua
                            famiglia et chi è scritto sotto il capitano de’ falconieri; ma da quel
                            termine innanzi può andarvi, pur che sia nobile. Nondimeno quasi mai il
                                <persName ref="#cublai">Gran Can</persName> non andava alla
                                <term>caccia</term> per quella banda, per la qual cosa gli animali
                            salvatichi erano tanto accresciuti et moltiplicati, et specialmente le
                                <term>lepori</term>, che guastavano le biade di tutta la detta
                            provincia; la qual cosa fatta intendere al <persName ref="#cublai">Gran
                                Can</persName>, v’andò con tutta la corte, et furon presi animali
                            senza numero».</quote> Ramusio’s testimony represents a double <hi
                            rend="italic">hapax</hi> in the history of Western voyage literature
                        concerning Asia between the XIIth and XVth centuries. In fact, no other DM
                        witness and no other travel report mention the existence of «<placeName
                            ref="#achbaluch">Achbaluch</placeName>» and of the hunting preserves of
                            <persName ref="#cublai">Khublai</persName> (see the bibliography in <ref
                            type="bibl" target="#BURGIO_2014">Burgio 2014, 360 n. 3</ref>). The description, though, is
                        authentic and original (<ref type="bibl" target="#PELLIOT">Pelliot 1959-1973, 9 nm. 5</ref>),
                        because the name – «<placeName ref="#achbaluch">Hachbaluch</placeName>» –
                        also appears in the great <hi rend="italic">Mappamundi</hi> of the Venetian
                        monk Fra’ Mauro (1550ca.), exactly in the area described by DM. It is highly
                        likely that, for this detail, the monk could use a copy of Z which was more
                        complete than Z<hi rend="superscript">to</hi>, and was perhaps the same copy
                        used by Ramusio in the drafting of the chapter. See <ref type="bibl" target="#FALCHETTA_2006">Falchetta (2006, FM *2306)</ref>,
                        <ref type="bibl" target="#LEPORACE_1954">Gasparrini Leporace (1954, pl. XXXII)</ref>
                        and <ref type="bibl" target="#BURGIO_2014">Burgio (2014, 370-373)</ref>.
                        </note>
                </app>
                <app from="#c105_tr105_p10">
                    <note> It seems very likely that the chapter could end with this <hi
                            rend="italic">transitio</hi>, for two reasons: (a) the use of a sentence
                        that indicates the end of the information about the object of the chapter
                            (<quote>«There is nothing else worth mentioning: so, we shall tell you
                            nothing more»</quote>) and announces the new topic (<quote>«we shall
                            leave this matter and tell you of a kingdom which is called <placeName
                                ref="#taianfu">Taianfu</placeName>»</quote>) is current in DM; (b)
                        the sentence is attested by important witnesses of α: <ref type="witlink"
                            target="#c105_V50_p10">V 50 10</ref> (partially) <quote>«Or in questo
                            luogo non sono chosse da dir, et inperzò non diremo, ma diremo de altre
                            chosse»</quote>, and, in δ group, <ref type="witlink"
                            target="#c105_F105_p7 #c105_F105_p8">F 105 7-8</ref>
                        <quote>«N’i a chouses qe a mentovoir face: por ce ne voç en diron rien. Et
                            adonc laiseron de ceste maitiere et voç conteron de un roiame que
                                <placeName ref="#taianfu">Taianfu</placeName> est appellés»</quote>,
                            <ref type="witlink" target="#c105_Fr105_p7">Fr 105 7</ref>
                        <quote>«Mais, pour ce qu’il n’y a chose qui a conter face, ne vous en diray
                            ore riens. Si vous conteray d’un royaume qui <placeName ref="#taianfu"
                                >Taianfu</placeName> est appellés»</quote>, <ref type="witlink"
                            target="#c105_TA105_p8">TA 105 8</ref>
                        <quote>«Quivi nonn-à altro a ricordare; però ci partiremo di quie, ed
                            anderemo ad uno reame chiamato <placeName ref="#taianfu"
                                >Taiamfu</placeName>»</quote>; and even if Z and <ref type="witlink"
                            target="#c105_R2.28_p7">R II 28 7</ref> do not keep any sign of it, the
                        most important information in the sentence – the quotation of «<placeName
                            ref="#taianfu">Taianfu</placeName>» – was present in Z, since it is
                        anticipated in <ref type="witlink" target="#c105_Z47_p6">Z 47 6</ref>
                        <quote>«Et noveritis quod <hi rend="italic">a civitate
                                    <placeName>Çonçu</placeName> usque ad regnum <placeName
                                    ref="#taianfu">Tayanfu</placeName></hi> equitatur per provinciam
                                <placeName>Cathay</placeName> .X. dietis […]»</quote> (<hi
                            rend="italic">vs</hi> the other witnesses, which do not say anything
                        other than <ref type="witlink" target="#c105_F105_p6">F 105 6</ref>
                        <quote>«Et sachiés tout voiremant qe l’en chevauche por <term>ponent</term>
                            por la provence dou <placeName>Catai</placeName> bien .X. jornee
                            […]»</quote>: see <ref type="bibl" target="#BURGIO_2014">Burgio 2014, 363-364</ref>) – and
                        hence the name «<placeName>Taianfu</placeName>» had to be attested in this
                        chapter in the original DM. Finally, it should be noticed that the <hi
                            rend="italic">transitio</hi> is broken into two parts in <hi
                            rend="italic">Livre</hi> 123 4 and 5: the first one (<quote>«Il n’y a
                            rien d’autre qui mérite d’être rapporté»</quote>) introduces the
                        description of «<placeName ref="#achbaluch">Acbaluc</placeName>»; the second
                        one closes the chapter (<quote>«Et maintenant nous laisserons ce sujet et
                            nous vous parleron d’un royaume appelé <placeName ref="#taianfu"
                                >Taiyuanfou</placeName>»</quote>); the same choice is found in <ref
                            type="bibl" target="#BENEDETTO_1931">Benedetto (1931, 169)</ref> &lt; <ref type="bibl" target="#BENEDETTO_1932">Benedetto
                            (1932, 174)</ref>. </note>
                </app>
            </listApp>
        </body>
    </text>
</TEI>
