<?xml version="1.0" encoding="UTF-8"?>
<?xml-model href="http://www.tei-c.org/release/xml/tei/custom/schema/relaxng/tei_all.rng" type="application/xml" schematypens="http://relaxng.org/ns/structure/1.0"?>
<?xml-model href="http://www.tei-c.org/release/xml/tei/custom/schema/relaxng/tei_all.rng" type="application/xml"
	schematypens="http://purl.oclc.org/dsdl/schematron"?>
<TEI xmlns="http://www.tei-c.org/ns/1.0">
  <teiHeader>
      <fileDesc>
         <titleStmt>
            <title>Bibliography for "I viaggi di Messer Polo"</title>
            <respStmt>
               <resp>Text Encoding by</resp>
               <name xml:id="chiara">Chiara Martignano</name>
            </respStmt>
         </titleStmt>
         <publicationStmt>
            <p>Publication Information</p>
         </publicationStmt>
         <sourceDesc>
            <p>Information about the source</p>
         </sourceDesc>
      </fileDesc>
  </teiHeader>
  <text>
      <body>
         <listBibl xml:id="MP_listBibl">
            <bibl xml:id="BENEDETTO_1931">
               Voce bibliografica completa di BENEDETTO 1931
            </bibl>
            <bibl xml:id="BENEDETTO_1932">
               Voce bibliografica completa di BENEDETTO 1932
            </bibl>
            <bibl xml:id="BURGIO_2014">
               Voce bibliografica completa di BURGIO 2014
            </bibl>
            <bibl xml:id="FALCHETTA_2006">
               Voce bibliografica completa di FALCHETTA 2006
            </bibl>
            <bibl xml:id="LEPORACE_1954">
               Voce bibliografica completa di LEPORACE 1954
            </bibl>
            <bibl xml:id="PELLIOT">
               Voce biblografica completa di PELLIOT
            </bibl>
         </listBibl>
      </body>
  </text>
</TEI>
