<?xml version="1.0" encoding="UTF-8"?>
<?xml-model href="http://www.tei-c.org/release/xml/tei/custom/schema/relaxng/tei_all.rng" type="application/xml" schematypens="http://relaxng.org/ns/structure/1.0"?>
<?xml-model href="http://www.tei-c.org/release/xml/tei/custom/schema/relaxng/tei_all.rng" type="application/xml"
	schematypens="http://purl.oclc.org/dsdl/schematron"?>
<TEI xmlns="http://www.tei-c.org/ns/1.0">
   <teiHeader>
      <fileDesc>
         <titleStmt>
            <title>Toponyms, antroponyms and realia</title>
            <respStmt>
               <resp>Edited by</resp>
               <name>Eugenio Burgio</name>
               <name>Samuela Simion</name>
            </respStmt>
            <respStmt>
               <resp>Text Encoding by</resp>
               <name>Elisa Cugliana</name>
            </respStmt>
         </titleStmt>
         <publicationStmt>
            <p>Publication Information</p>
         </publicationStmt>
         <sourceDesc>
            <p>Information about the source</p>
         </sourceDesc>
      </fileDesc>
   </teiHeader>
   <text>
      <body>
         <div xml:id="lists">
            <note>The chosen lemma is usually the reading of F. If it is not, further information
               will be provided in specific notes</note>
            <!-- Elenco degli antroponimi -->
            <listPerson xml:id="listperson">
               <person xml:id="cublai">
                  <persName>Cublai</persName>
                  <note>
                     Qubilai (1215-1294), figlio di Tului,
                     imperatore mongolo (dal 1260)</note>
               </person>
               <person xml:id="marcoPolo">
                  <persName>Marco Polo</persName>
               </person>
            </listPerson>
            <!-- Elenco dei toponimi -->
            <listPlace xml:id="listplace">
               <place xml:id="achbaluch">
                  <placeName>Achbaluch</placeName>
                  <note resp="#eugenio">
                     <p>Bibliographic references – <ref type="bibl" target="#BENEDETTO_1932">Benedetto 1932, pp.
                           173-174</ref>; <ref type="bibl"> Burgio 2014</ref>; <ref type="bibl"
                           >Cattaneo 2011, pp. 196-197, 240-244</ref>; <ref type="bibl" target="#FALCHETTA_2006">Falchetta
                           2006, *2306</ref>; <ref type="bibl">Hallberg 1906, pp. 5, 224, 237</ref>;
                           <ref type="bibl">Haw 2006, p. 95</ref>; <ref type="bibl">Kappler 2004,
                           pp. 118-119</ref>; <ref type="bibl">Moule, Pelliot 1938, I, pp.
                           256-257</ref>; <ref type="bibl" target="#PELLIOT">Pelliot 1959-1973, pp. 8-9 n. 5</ref>;
                           <ref type="bibl">Yule, Cordier 1929, II, pp. 12-15</ref>.</p>
                     <p>Located at the edge of the <persName ref="#cublai">Qubilai</persName>’s
                           <term>hunting reserve</term> (two days from
                           <placeName>Cambaluc</placeName> – see <ref type="witlink" target="#c105_R2.16">R II 16</ref>
                        and Pelliot –, at the beginning of the western road
                        to <placeName>Catai</placeName>, and before the realm of <placeName
                           ref="#taianfu">Taianfu</placeName>), <placeName ref="#achbaluch"
                           >Achbaluch</placeName> is an ‘invisible city’: its name is unknown in the
                        medieval geographical encyclopedia of Central and Extreme
                           Asia (<ref type="bibl">Hallberg 1906, p.5</ref>),
                        and it is a hapax in the Polian texts, as its location is witnessed only in
                        one R passage (see the notes to <ref type="witlink"><!-- manca il target: cosa si intende per 000? -->DM 000</ref>);however,
                        all scholars consider it authentic (Pelliot), and for this reason every
                        integral translation includes it in the Polian text: <ref type="bibl">Yule,
                           Cordier 1929, II, pp. 12-13</ref>, <ref type="bibl">Benedetto 1932, pp
                           173-174</ref>, <ref type="bibl">Moule, Pelliot 1938, I, pp.
                        256-257</ref>, <ref type="bibl">Kappler 2004, pp. 118-119</ref>). The
                        toponym was also recorded in Fra Mauro’s world map (1448-1453: today
                        preserved at the Marciana National Library: it is *2306 ‘<placeName
                           ref="#achbaluch">Hachbaluch</placeName>’in <ref type="bibl">Falchetta
                           2006</ref>), and its position on the map is fully congruent to Ramusio’s
                        topographic information): the textual analysis carried out by <ref
                           type="bibl">Burgio (2014)</ref> and the observations of <ref type="bibl"
                           >Cattaneo (2011, pp. 196-197, 240-244)</ref> suggest that the humanist
                        and the Camaldolese friar both drew their information from Z1, the codex
                        containing a more complete text than the one now attested in the Toledan
                        codex. Its identification as Chengtingfu (now
                           Zhending 正定), in Hebei,
                        proposed by <ref type="bibl">Yule, Cordier (1929, II, pp. 14-15</ref>) was
                        accepted by Pelliot and never questioned (see, among others, <ref type="bibl">Haw 2006, p.95</ref>). [EB]</p>
                  </note>
               </place>
               <place xml:id="giugiu">
                  <placeName>Giugiu</placeName>
                  <location>
                     <geo>39.477500, 115.976778</geo>
                  </location>
                  <note>Zhuozhou, antica prefettura di secondo ordine nello Hebei (l’odierna contea
                     di Zhuo).</note>
               </place>
               <place xml:id="taianfu">
                  <placeName>Taianfu</placeName>
                  <note resp="#eugenio #samuela">
                     <p>Bibliographic references – <ref type="bibl">Cardona 1975, p. 728</ref>; <ref
                           type="bibl">Haw 2006, p. 95</ref>; <ref type="bibl">Pelliot 1959-1973, p.
                           842 n. 348</ref>.</p>
                     <p>Taianfu is now the city of
                           Taiyuan 太原, the capital of the
                           Shanxi province; according to <ref type="bibl">Haw
                           (2006, p.95)</ref>, the toponym is very old, ‘having been used for more
                        than two thousand years, although the exact site of the town to which it was
                        applied has varied a little.’ [EB, SS]</p>
                  </note>
               </place>
            </listPlace>
            <!-- Elenco dei realia -->
            <list type="realia" xml:id="realia_generici">
               <item xml:id="mil">
                  <term type="lemma">mil</term>
                  <term xml:lang="en">mile</term>
               </item>
               <item xml:id="ydres">
                  <term type="lemma">ydres</term>
                  <term xml:lang="en">idolater</term>
               </item>
            </list>
         </div>
      </body>
   </text>
</TEI>
