<?xml version="1.0" encoding="UTF-8"?>
<?xml-model href="http://www.tei-c.org/release/xml/tei/custom/schema/relaxng/tei_all.rng" type="application/xml" schematypens="http://relaxng.org/ns/structure/1.0"?>
<?xml-model href="http://www.tei-c.org/release/xml/tei/custom/schema/relaxng/tei_all.rng" type="application/xml"
	schematypens="http://purl.oclc.org/dsdl/schematron"?>
<TEI xmlns="http://www.tei-c.org/ns/1.0">
   <teiHeader>
      <fileDesc>
         <titleStmt>
            <title>F</title>
            <respStmt>
               <resp>Edited by</resp>
               <name xml:id="eugenio">Eugenio Burgio</name>
               <name xml:id="samuela">Samuela Simion</name>
            </respStmt>
            <respStmt>
               <resp>Text Encoding by</resp>
               <name xml:id="chiara">Chiara Martignano</name>
               <name xml:id="elisa">Elisa Cugliana</name>
            </respStmt>
         </titleStmt>
         <publicationStmt>
            <p>Publication Information</p>
         </publicationStmt>
         <sourceDesc>
            <p>Information about the source</p>
         </sourceDesc>
      </fileDesc>
   </teiHeader>
   <text>
      <body xml:id="v_Fr1_body" xml:lang="fr">
         <div type="chapter" n="105" xml:id="c105_Fr1.105" corresp="#c105_tr105">
            <p n="1" xml:id="c105_Fr1.105_par1">
               Ci devise li .C. et .V. chapitre de la grant cité de
               <placeName ref="#giugiu">Ginguy</placeName>.
            </p>
            <p n="2" xml:id="c105_Fr1.105_par2">
               <seg n="1" xml:id="c105_cFr1.105_p1">
                  Quant l’en est parti de cest pont et l’en a chevauchié .XXX. <term ref="#mil">milles</term>
                  par <term>ponent</term>, trouvant toutes fois belles herberges pour les viandes et belles
                  vingnes et biaux jardins et biaux champs et belles fontainnes, adonques treuve l’en unne
                  cité qui a non <placeName ref="#giugiu">Ginguin</placeName>, grant et belle.
               </seg>
               <seg n="2" xml:id="c105_Fr1.105_p2">
                  Il y a maintes abbaïes d’<term ref="#ydres">ydles</term>.
               </seg>
               <seg n="3" xml:id="c105_Fr1.105_p3">
                  Il vivent de marchandises et d’ars; il labourent <term>draps</term> d’<term>or</term> et
                  de <term>soie</term> et <term>cendaux</term> moult bien et moult bel, et si y a maintes
                  belles herberges pour les cheminanz.
               </seg>
            </p>
            <p n="3" xml:id="c105_Fr1.105_par3">
               <seg n="4" xml:id="c105_Fr1.105_p4">
                  Et quant l’en est partiz de ceste ville et l’en a chevauchié une <term ref="#mil">mille</term>,
                  si treuve l’en .II. voies, que l’une va a <term>ponent</term> et l’autre a <term>sieloc</term>.
               </seg>
               <seg n="5" xml:id="c105_Fr1.105_p5">
                  Celle du <term>ponent</term> est du <placeName>Catay</placeName>, et celle du <term>syeloc</term>
                  si va vers la grant province du <placeName>Manzi</placeName>.
               </seg>
               <seg n="6" xml:id="c105_Fr1.105_p6">
                  [Et sachiés tout voiremant que l’en chevauche .X.] journees par <term>ponent</term> par la province
                  du <placeName>Catay</placeName>, et toutes fois trouvant chastiaux et villes et mainz biaux casaus,
                  de granz marchandises et de grans ars [et de biaux champs] et de belles vignes et demeches gens.
               </seg>
               <seg n="7" xml:id="c105_Fr1.105_p7">
                  Mais pour ce qu’il n’i a chose qui a ramentevoir face, n’en diray ore riens, si vous diray du royaume
                  qui <placeName>Caraufu</placeName> est appellez.
               </seg>
               
            </p>
         </div>
      </body>
   </text>
</TEI>
