<?xml version="1.0" encoding="UTF-8"?>
<?xml-model href="http://www.tei-c.org/release/xml/tei/custom/schema/relaxng/tei_all.rng" type="application/xml" schematypens="http://relaxng.org/ns/structure/1.0"?>
<?xml-model href="http://www.tei-c.org/release/xml/tei/custom/schema/relaxng/tei_all.rng" type="application/xml"
	schematypens="http://purl.oclc.org/dsdl/schematron"?>
<TEI xmlns="http://www.tei-c.org/ns/1.0">
   <teiHeader>
      <fileDesc>
         <titleStmt>
            <title>F</title>
            <respStmt>
               <resp>Edited by</resp>
               <name xml:id="eugenio">Eugenio Burgio</name>
               <name xml:id="samuela">Samuela Simion</name>
            </respStmt>
            <respStmt>
               <resp>Text Encoding by</resp>
               <name xml:id="chiara">Chiara Martignano</name>
               <name xml:id="elisa">Elisa Cugliana</name>
            </respStmt>
         </titleStmt>
         <publicationStmt>
            <p>Publication Information</p>
         </publicationStmt>
         <sourceDesc>
            <p>Information about the source</p>
         </sourceDesc>
      </fileDesc>
   </teiHeader>
   <text>
      <body xml:id="v_Fr2_body" xml:lang="fr">
         <div type="chapter" n="105" xml:id="c105_Fr2.105" corresp="#c105_tr105">
            <p n="1" xml:id="c105_Fr2.105_par1">
               Ci devise de la grant cité de <placeName ref="#giugiu">Gi[u]g[iu]</placeName> .C.V.
            </p>
            <p n="2" xml:id="c105_Fr2.105_par2">
               <seg n="1" xml:id="c105_cFr2.105_p1">
                  Quant l’en se part de ce pont et l’en a chevauchié .XXX. <term ref="#mil">milles</term> par
                  <term>ponent</term>, trouvant toute voies belles herbergeries pour les viandes
                  et belles vingnes et biaus jardins et biaus champs et belles fontaines, adonc
                  treuve l’en une cité, qui a non <placeName ref="#giugiu">Gingiu</placeName>, grant et belle. 
               </seg>
               <seg n="2" xml:id="c105_Fr2.105_p2">
                  Si y a maintes abbaïes.
               </seg>
               <seg n="3" xml:id="c105_Fr2.105_p3">
                  Et les genz y vivent de marchandise et d’art.
               </seg>
               <seg n="4" xml:id="c105_Fr2.105_p4">
                  Il labourent <term>draps</term> de <term>soye</term> et d’<term>or</term>
                  et <term>cendaus</term> moult biaus.
               </seg>
            </p>
            <p n="3" xml:base="c105_Fr2.105_par3">
               <seg n="5" xml:id="c105_Fr2.105_p5">
                  Et si y a maintes herbergeries pour les cheminans.
               </seg>
            </p>
            <p n="4" xml:base="c105_cFr2.105_par4">
               <seg n="6" xml:id="c105_Fr2.105_p6">
                  Et quant l’en est parti de celle cité et en a chevauchié une <term ref="#mil">mille</term>,
                  si treuve l’en .II. voies, dont l’une vait a |44c| <term>ponent</term>, l’autre a <term>sieloc</term>. 
               </seg>
               <seg n="7" xml:id="c105_Fr2.105_p7">
                  Celle du <term>ponent</term> est du <placeName>Catay</placeName> et celle du <term>sieloc</term> vait
                  vers la province du <placeName>Manzi</placeName>.
               </seg>
               <seg n="8" xml:id="c105_Fr2.105_p8">
                  Et quant l’en a chevauchié .X. journees vers <term>ponent</term> par la province du <placeName>Catay</placeName>,
                  et toutes foiz trouvant cités et chastiaus et mains biaus casaus de granz marcheandises {et de grans
                  marcheandises} et de grans ars, et biaus chans et belles vingnes et privees genz.
               </seg>
               <seg n="9" xml:id="c105_Fr2.105_p9">
                  Mais, pour ce qu’il n’y a chose qui a conter face, ne vous en diray ore riens; si vous conteray d’un royaume
                  qui <placeName ref="#taianfu">Taianfu</placeName> est appellés.
               </seg>
            </p>
         </div>
      </body>
   </text>
</TEI>
