<?xml version="1.0" encoding="UTF-8"?>
<?xml-model href="http://www.tei-c.org/release/xml/tei/custom/schema/relaxng/tei_all.rng" type="application/xml" schematypens="http://relaxng.org/ns/structure/1.0"?>
<?xml-model href="http://www.tei-c.org/release/xml/tei/custom/schema/relaxng/tei_all.rng" type="application/xml"
	schematypens="http://purl.oclc.org/dsdl/schematron"?>
<TEI xmlns="http://www.tei-c.org/ns/1.0">
   <teiHeader>
      <fileDesc>
         <titleStmt>
            <title>K 35</title>
            <respStmt>
               <resp>Edited by</resp>
               <name xml:id="eugenio">Eugenio Burgio</name>
               <name xml:id="samuela">Samuela Simion</name>
            </respStmt>
            <respStmt>
               <resp>Text Encoding by</resp>
               <name xml:id="chiara">Chiara Martignano</name>
               <name xml:id="elisa">Elisa Cugliana</name>
            </respStmt>
         </titleStmt>
         <publicationStmt>
            <p>Publication Information</p>
         </publicationStmt>
         <sourceDesc>
            <p>Information about the source</p>
         </sourceDesc>
      </fileDesc>
   </teiHeader>
   <text>
      <body xml:id="v_K_body" xml:lang="fr">
         <div type="chapter" n="34" xml:id="c104_F34" corresp="#c104_tr104">
            <p>CAPITOLO 34</p>
         </div>
         <div type="chapter" n="35" xml:id="c105_K35" corresp="#c105_tr105">
            <p xml:id="c105_K35_par1">
               <seg n="1" xml:id="c105_K35_p1">Sachez que le seigneur <persName ref="#cublai"
                     >Cupleycham</persName> envoya comme son messager ledit <persName
                     ref="#marcoPolo">Marco Polo</persName>, qui partit de
                     <placeName>Gambalech</placeName> et alla vers le <term>ponant</term> et
                  chevaucha par étapes bien quatre mois. Et il vous racontera ce qu’il vit le long
                  de ce chemin.</seg>
               <seg n="2" xml:id="c105_K35_p2">Quant il fut parti de la ville de
                     <placeName>Gambalech</placeName>, chevauchant dix <term>lieues</term> vers le
                     <term>ponant</term>, il trouva un grand fleuve qui s’appelle <placeName> Puilli
                     Sangui</placeName>, qui va dans la <placeName>mer Océane</placeName>. Et de
                  nombreux navires passent par ledit fleuve avec leurs marchandises pour aller aux
                  îles d’<placeName>Inde</placeName>. Et il y a une grande quantité de navires, des
                  petits et des grands.</seg>
               <seg n="3" xml:id="c105_K35_p3">Et sur ce fleuve il y a un beau et grand pont de
                  pierre, et il fait trois cents pas de long et cent huit pas de largeur. Et il a
                  vingtquatre voûtes qui sont au-dessus de grands piliers de marbre, et chaque
                  pilier est à grande distance des autres. Et il y a des villes et des châteaux de
                  toute part, c’est-à-dire dans les contrées dudit pont.</seg>
               <seg n="4" xml:id="c105_K35_p4">Et partant dudit pont, chevauchant trente
                     <term>lieues</term> vers le <term>ponant</term>, on trouve de belles auberges
                  que le seigneur a fait construire au service de ses messagers quand il les envoie
                  dans ces régions; et ce chemin est plein de belles vignes. Et ensuite on trouve
                  une belle ville qui s’appelle <placeName ref="#giugiu">Guingui</placeName>, qui
                  est noble et riche.</seg>
               <seg n="5" xml:id="c105_K35_p5">Et on y fait de grandes quantité de
                     <term>draps</term> d’<term>or</term> et de <term>soie</term>, au service de la
                  cour du seigneur. Et il y a de nombreuses auberges pour les voyageurs qui y
                  viennent à pied de différents lieux au service de la cour du seigneur. Et ici il y
                  a de nombreuses abbayes de leurs <term ref="#ydres">idoles</term>.</seg>
               <seg n="6" xml:id="c105_K35_p6">Et quand nous partons de cette ville et que nous
                  avons chevauché deux lieues, nous trouvons deux chemins: par l’un on va vers le
                     <term>ponant</term>, et par l’autre vers le <term>sirocco</term>.</seg>
               <seg n="7" xml:id="c105_K35_p7">Celui du <term>ponant</term> va au
                     <placeName>Catay</placeName>, celui du <term>sirocco</term> va à la province du
                     <placeName>Mangui</placeName>, qui est une très grande province.</seg>
               <seg n="8" xml:id="c105_K35_p8">Et suivant le chemin du <term>ponant</term>, on
                  chevauche dix journées, on trouve villes, bourgs et châteaux bien peuplés, et de
                  nombreuses rues, c’est-à-dire chemins et rues et lieux agréables, et prairies et
                  gens paisibles.</seg>
               <seg n="9" xml:id="c105_K35_p9">Et au bout de ces dix journées on trouve un royaume
                  qui s’appelle <placeName ref="#taianfu">Canianffu</placeName>.</seg></p>
         </div>
      </body>
   </text>
</TEI>
