<?xml version="1.0" encoding="UTF-8"?>
<?xml-model href="http://www.tei-c.org/release/xml/tei/custom/schema/relaxng/tei_all.rng" type="application/xml" schematypens="http://relaxng.org/ns/structure/1.0"?>
<?xml-model href="http://www.tei-c.org/release/xml/tei/custom/schema/relaxng/tei_all.rng" type="application/xml"
	schematypens="http://purl.oclc.org/dsdl/schematron"?>
<TEI xmlns="http://www.tei-c.org/ns/1.0">
   <teiHeader>
      <fileDesc>
         <titleStmt>
            <title>L</title>
            <respStmt>
               <resp>Edited by</resp>
               <name xml:id="eugenio">Eugenio Burgio</name>
               <name xml:id="samuela">Samuela Simion</name>
            </respStmt>
            <respStmt>
               <resp>Text Encoding by</resp>
               <name xml:id="chiara">Chiara Martignano</name>
               <name xml:id="elisa">Elisa Cugliana</name>
            </respStmt>
         </titleStmt>
         <publicationStmt>
            <p>Publication Information</p>
         </publicationStmt>
         <sourceDesc>
            <p>Information about the source</p>
         </sourceDesc>
      </fileDesc>
   </teiHeader>
   <text>
      <body xml:id="v_L_body" xml:lang="la">
         <div type="chapter" n="85" xml:id="c105_L85" corresp="#c105_tr105">
            <head>De civitate Giogiu.</head>
            <p n="1" xml:id="c105_L85_par1"><seg n="1" xml:id="c105_L85_p1">Ultra hunc pontem versus
                     <term>occidens</term> .XXX. <term ref="#mil">miliaribus</term> est civitas
                     <placeName ref="#giugiu">Giogiu</placeName>, magna et pulcra.</seg>
               <seg n="2" xml:id="c105_L85_p2">Gentes sunt <term ref="#ydres">ydolatre</term>,
                  mercatores et artiste; nam hic laborantur <term>panni</term> multi aurei, et de
                     <term>seta</term> et <term>çendati</term>.</seg>
               <seg n="3" xml:id="c105_L85_p3">Et ultra civitatem per <term ref="#mil"
                     >miliare</term> unum, bifurcatur via. Una enim tendit versus
                     <term>syroch</term>, qua itur ad magnam provinciam de
                     <placeName>Mangi</placeName>; alia vero tendit versus <term>occidens</term>,
                  qua itur versus provinciam de <placeName>Chatay</placeName> bene .X. dietis versus
                     <term>occidens</term>, continue per pulcras civitates et domestica loca, et per
                  pulcros agros et vineas.</seg>
            </p>
         </div>
         <div type="chapter" n="86" xml:id="c106_L86" corresp="#c106_tr106">
            <p>CAPITOLO 86</p>
         </div>
      </body>
   </text>
</TEI>
