<?xml version="1.0" encoding="UTF-8"?>
<?xml-model href="http://www.tei-c.org/release/xml/tei/custom/schema/relaxng/tei_all.rng" type="application/xml" schematypens="http://relaxng.org/ns/structure/1.0"?>
<?xml-model href="http://www.tei-c.org/release/xml/tei/custom/schema/relaxng/tei_all.rng" type="application/xml"
	schematypens="http://purl.oclc.org/dsdl/schematron"?>
<TEI xmlns="http://www.tei-c.org/ns/1.0">
   <teiHeader>
      <fileDesc>
         <titleStmt>
            <title>TA</title>
            <respStmt>
               <resp>Edited by</resp>
               <name xml:id="eugenio">Eugenio Burgio</name>
               <name xml:id="samuela">Samuela Simion</name>
            </respStmt>
            <respStmt>
               <resp>Text Encoding by</resp>
               <name xml:id="chiara">Chiara Martignano</name>
               <name xml:id="elisa">Elisa Cugliana</name>
            </respStmt>
         </titleStmt>
         <publicationStmt>
            <p>Publication Information</p>
         </publicationStmt>
         <sourceDesc>
            <p>Information about the source</p>
         </sourceDesc>
      </fileDesc>
   </teiHeader>
   <text>
      <body xml:id="v_TA_body" xml:lang="it">
         <div type="chapter" n="105" xml:id="c105_TA105" corresp="#c105_tr105">
            <head>De la grande città del <placeName>Giogui</placeName>.</head>
            <p n="1" xml:id="c105_TA105_par1"><seg n="1" xml:id="c105_TA105_p1">E quando l’uomo si
                  parte da questo ponte, l’uomo vae .XXX. <term ref="#mil">miglie</term> per
                     <term>ponente</term>, tuttavia trovando belle case, begli alberghi, àlbori,
                  vigne.</seg>
               <seg n="2" xml:id="c105_TA105_p2">E quivi truova una città ch’à nome <placeName
                     ref="#giugiu">Giogui</placeName>, grande e bella; quivi àe molte badie d’<term
                     ref="#ydres">idoli</term>.</seg>
               <seg n="3" xml:id="c105_TA105_p3">Egli vivono di mercatantia e d’arti; quivi si
                  lavora <term>drappi</term> di <term>seta</term> e d’<term>oro</term> e bello
                     <term>zendado</term>.</seg>
               <seg n="4" xml:id="c105_TA105_p4">Quivi àe begli alberghi.</seg>
               <seg n="5" xml:id="c105_TA105_p5">Quando l’uomo à passato questa villa uno <term
                     ref="#mil">miglio</term>, l’uomo truova due vie, l'una vae verso
                     <term>ponente</term> e·ll’altra verso <term>sirocco</term>.</seg>
               <seg n="6" xml:id="c105_TA105_p6">Quella di verso <term>ponente</term> è del
                     <placeName>Catai</placeName>, e·ll’altra dallo <term>sirocco</term> vae verso
                  ’l mare a la grande provincia deu <placeName>Mangi</placeName>.</seg>
               <seg n="7" xml:id="c105_TA105_p7">E sappiate veramente che l’uomo cavalca per
                     <term>ponente</term> per la provincia del <placeName>Catai</placeName> bene .X.
                  giornate, tuttavia trovando belle cittadi e belle castella di mercatantie e
                  d’arti, e belle vigne e àlbori assai, e gente dimestica.</seg>
               <seg n="8" xml:id="c105_TA105_p8">Quivi nonn-à altro a ricordare; però ci partiremo
                  di quie, ed anderemo ad uno reame chiamato <placeName ref="#taianfu"
                     >Taiamfu</placeName>.</seg></p>
         </div>
      </body>
   </text>
</TEI>
