<?xml version="1.0" encoding="UTF-8"?>
<?xml-model href="http://www.tei-c.org/release/xml/tei/custom/schema/relaxng/tei_all.rng" type="application/xml" schematypens="http://relaxng.org/ns/structure/1.0"?>
<?xml-model href="http://www.tei-c.org/release/xml/tei/custom/schema/relaxng/tei_all.rng" type="application/xml"
	schematypens="http://purl.oclc.org/dsdl/schematron"?>
<TEI xmlns="http://www.tei-c.org/ns/1.0">
   <teiHeader>
      <fileDesc>
         <titleStmt>
            <title>VA</title>
            <respStmt>
               <resp>Edited by</resp>
               <name xml:id="eugenio">Eugenio Burgio</name>
               <name xml:id="samuela">Samuela Simion</name>
            </respStmt>
            <respStmt>
               <resp>Text Encoding by</resp>
               <name xml:id="chiara">Chiara Martignano</name>
               <name xml:id="elisa">Elisa Cugliana</name>
            </respStmt>
         </titleStmt>
         <publicationStmt>
            <p>Publication Information</p>
         </publicationStmt>
         <sourceDesc>
            <p>Information about the source</p>
         </sourceDesc>
      </fileDesc>
   </teiHeader>
   <text>
      <body xml:id="v_VA_body" xml:lang="it">
         <div type="chapter" n="84" xml:id="c105_VA84" corresp="#c105_tr105">
            <head>Della zità de <placeName ref="#giugiu">Grongi</placeName> e della provinzia de
                  <placeName>Catai</placeName>.</head>
            <p n="1" xml:id="c105_VA84_par1"><seg n="1">Quando l’omo se parte de questo ponte, el va
                  trenta <term ref="#mil">mia</term> trovando tuta fiada chaxe belle e palazi,
                  vignie e chanpi.</seg>
               <seg n="2">De chavo de trenta <term ref="#mil">mia</term> se trova una zità che à
                  nome <placeName ref="#giugiu">Grogin</placeName>, grande e bella, là dove è molte
                  badie de <term ref="#ydres">idolle</term>.</seg>
               <seg n="3">La zente vive d’arte e de marchadantie; lì se lavora <term>drapi</term> de
                     <term>seta</term> e d’<term>oro</term> e <term>zendaieli</term>.</seg>
               <seg n="4">E n’è molti albergi per forestieri che pasano.</seg>
            </p>
            <p n="2" xml:id="c105_VA84_par2"><seg n="5">E quando l’omo è partito da questa zità et è
                  andado uno <term ref="#ydres">meiaro</term>, el trova do vie, l’una va verso
                     <term>ponente</term> e l’altra verso <term>sirocho</term>: quella da
                     <term>ponente</term> va in la provinzia de <placeName>Chatai</placeName> e
                  quela de <term>sirocho</term> va verso mare ala provinzia de
                     <placeName>Manci</placeName>.</seg>
               <seg n="6">Sì se chavalcha per ponente per la provinzia de
                     <placeName>Chatai</placeName> ben diexe zornade, tuta fiata trovando de molte
                  belle zità e chastelle, e de molte gran merchadantie e de gran arte, e de belli
                  chanpi e zardini, e domesticha zente.</seg>
            </p>
         </div>
      </body>
   </text>
</TEI>
