<?xml version="1.0" encoding="UTF-8"?>
<?xml-model href="http://www.tei-c.org/release/xml/tei/custom/schema/relaxng/tei_all.rng" type="application/xml" schematypens="http://relaxng.org/ns/structure/1.0"?>
<?xml-model href="http://www.tei-c.org/release/xml/tei/custom/schema/relaxng/tei_all.rng" type="application/xml"
	schematypens="http://purl.oclc.org/dsdl/schematron"?>
<TEI xmlns="http://www.tei-c.org/ns/1.0">
   <teiHeader>
      <fileDesc>
         <titleStmt>
            <title>VB</title>
            <respStmt>
               <resp>Edited by</resp>
               <name xml:id="eugenio">Eugenio Burgio</name>
               <name xml:id="samuela">Samuela Simion</name>
            </respStmt>
            <respStmt>
               <resp>Text Encoding by</resp>
               <name xml:id="chiara">Chiara Martignano</name>
               <name xml:id="elisa">Elisa Cugliana</name>
            </respStmt>
         </titleStmt>
         <publicationStmt>
            <p>Publication Information</p>
         </publicationStmt>
         <sourceDesc>
            <p>Information about the source</p>
         </sourceDesc>
      </fileDesc>
   </teiHeader>
   <text>
      <body xml:id="v_VB_body" xml:lang="it">
         <div type="chapter" n="74" xml:id="c105_VB74" corresp="#c105_tr105">
            <p n="1" xml:id="c105_VB74_par1"><seg n="1" xml:id="c105_VB74_p1">‹P›artendossi dal
                  sopra dito ponte, chaminando per .XXX. <term ref="#mil">miglia</term>, senpre se
                  trova belissimi vignalli e bellissimi chanpi lavoradi e molte abitacione.</seg>
               <seg n="2" xml:id="c105_VB74_p2">E dapo’ se trova <placeName ref="#giugiu"
                     >Cingui</placeName>, nobelle e gran citade, la qual è de <term ref="#ydres"
                     >idolatri</term> et à molte badie de loro sacerdotti e munexi, i qualli però
                  viveno de marchadantie chome per la maçor parte fano tuti i altri popolli.</seg>
               <seg n="3" xml:id="c105_VB74_p3">Et lavorasse de molti <term>pani</term> de
                     <term>seta</term> e de <term>oro</term>.</seg>
               <seg n="4" xml:id="c105_VB74_p4">È molto abondante de albergi over ostarie a nostro
                  modo per la moltitude de marchadanti e forestieri lì chapitano.</seg>
               <seg n="5" xml:id="c105_VB74_p5">Partendose dala dita citade per 1° <term ref="#mil"
                     >miglio</term> se trova do strade: l’una tende verso <term>sirocho</term>,
                  l’altra verso <term>ponente</term>; la strada che tende verso <term>sirocho</term>
                  va nela provincia del <placeName>Maçin</placeName>, e la strada che tende ver
                     <term>ponente</term> è dela provincia del <placeName>Catay</placeName>.</seg>
               <seg n="6" xml:id="c105_VB74_p6">E chaminando per dita strada de <term>ponente</term>
                  per la provincia del <placeName>Chatay</placeName>, per .X. çornade, se trova de
                  belle citade et chastelle.</seg>
               <seg n="7" xml:id="c105_VB74_p7">È giente de marchadantie e belli mestieri e contadi
                  belli e ben coltivadi; è tuta gente molto demestiga et da bene.</seg></p>
         </div>
      </body>
   </text>
</TEI>
