<?xml version="1.0" encoding="UTF-8"?>
<!DOCTYPE TEI SYSTEM "schema/tei-vbd.dtd">

<TEI>

  <teiHeader>

    <fileDesc>

      <titleStmt>
        <title>The Vercelli Book: a machine readable transcription</title>
        <author>Unknown</author>
        <principal>Roberto Rosselli Del Turco</principal>
        <respStmt>
          <resp>Conversion to TEI-conformant markup: </resp>
          <name>Raffaele Cioffi</name>
          <name>Federica Goria</name>
          <name>Roberto Rosselli Del Turco</name>
        </respStmt>
        <respStmt>
          <resp>General overview: </resp>
          <name>Roberto Rosselli Del Turco</name>
        </respStmt>
        <respStmt>
          <resp>Experimental style sheets: </resp>
          <name>Roberto Rosselli Del Turco</name>
        </respStmt>
      </titleStmt>

      <extent>[??] kilobytes</extent>

      <publicationStmt>
        <authority>Digital Vercelli Project</authority>
        <date>2004</date>
        <availability status="unknown">
          <p>Not to ricirculate. Contact the Digital Vercelli Project researchers for more information.</p>
        </availability>
      </publicationStmt>

      <sourceDesc>
        <bibl>
          <msIdentifier>
            <repository>Biblioteca e Archivio Capitolare di Vercelli</repository>
            <idno>CXVII</idno>
          </msIdentifier>
        </bibl>
      </sourceDesc>

    </fileDesc>

    <encodingDesc>
      <projectDesc>
        <p/>
      </projectDesc>
      <editorialDecl>
        <correction>
          <p/>
        </correction>
        <normalization>
          <p/>
        </normalization>
        <segmentation>
          <p/>
        </segmentation>
        <hyphenation eol="all">
          <p>Physical line breaks are rigidly observed.</p>
        </hyphenation>
      </editorialDecl>

      <charDecl>

        <!-- OE VOWELS -->

        <char xml:id="inodot">
          <charName>LATIN SMALL LETTER DOTLESS I</charName>
          <mapping type="codepoint">U+0131</mapping>
          <mapping type="diplomatic">ı</mapping>
          <mapping type="normalized">i</mapping>
        </char>

        <char xml:id="aenl">
          <charName>LATIN ENLARGED LETTER SMALL E</charName>
          <mapping subtype="MUFI-PUA" type="codepoint">U+EEE0</mapping>
          <mapping type="diplomatic"></mapping>
          <mapping type="normalized">a</mapping>
        </char>
        <char xml:id="eenl">
          <charName>LATIN ENLARGED LETTER SMALL E</charName>
          <mapping subtype="MUFI-PUA" type="codepoint">U+EEE6</mapping>
          <mapping type="diplomatic"></mapping>
          <mapping type="normalized">e</mapping>
        </char>
        <char xml:id="inodotenl">
          <charName>LATIN ENLARGED LETTER SMALL DOTLESS I</charName>
          <mapping subtype="MUFI-PUA" type="codepoint">U+EEFD</mapping>
          <mapping type="diplomatic"></mapping>
          <mapping type="normalized">i</mapping>
        </char>

        <char xml:id="aacute">
          <charName>LATIN SMALL LETTER A WITH ACUTE</charName>
          <mapping type="codepoint">U+00E1</mapping>
          <mapping type="diplomatic">á</mapping>
          <mapping type="normalized">a</mapping>
        </char>

        <char xml:id="amacr">
          <charName>LATIN SMALL LETTER A WITH MACRON</charName>
          <mapping type="codepoint">U+0101</mapping>
          <mapping type="diplomatic">ā</mapping>
          <mapping type="normalized">a</mapping>
        </char>
        <char xml:id="emacr">
          <charName>LATIN SMALL LETTER E WITH MACRON</charName>
          <mapping type="codepoint">U+0113</mapping>
          <mapping type="diplomatic">ē</mapping>
          <mapping type="normalized">e</mapping>
        </char>
        <char xml:id="imacr">
          <charName>LATIN SMALL LETTER I WITH MACRON</charName>
          <mapping type="codepoint">U+012B</mapping>
          <mapping type="diplomatic">ī</mapping>
          <mapping type="normalized">i</mapping>
        </char>
        <char xml:id="omacr">
          <charName>LATIN SMALL LETTER O WITH MACRON</charName>
          <mapping type="codepoint">U+014D</mapping>
          <mapping type="diplomatic">ō</mapping>
          <mapping type="normalized">o</mapping>
        </char>
        <char xml:id="umacr">
          <charName>LATIN SMALL LETTER U WITH MACRON</charName>
          <mapping type="codepoint">U+016B</mapping>
          <mapping type="diplomatic">ū</mapping>
          <mapping type="normalized">u</mapping>
        </char>
        <char xml:id="ymacr">
          <charName>LATIN SMALL LETTER Y WITH MACRON</charName>
          <mapping type="codepoint">U+0233</mapping>
          <mapping type="diplomatic">ȳ</mapping>
          <mapping type="normalized">y</mapping>
        </char>

        <char xml:id="ydot">
          <charName>LATIN SMALL LETTER Y WITH DOT ABOVE</charName>
          <mapping type="codepoint">U+1E8F</mapping>
          <mapping type="diplomatic">ẏ</mapping>
          <mapping type="normalized">y</mapping>
        </char>

        <char xml:id="edotbl">
          <charName>LATIN SMALL LETTER E WITH DOT BELOW</charName>
          <mapping type="codepoint">U+1EB9</mapping>
          <mapping type="diplomatic">ẹ</mapping>
          <mapping type="normalized">e</mapping>
        </char>


        <!-- OE VOWELS: VARIANT LETTER FORMS -->

        <glyph xml:id="yrgmainstrok">
          <glyphName>LATIN SMALL LETTER Y WITH RIGHT MAIN STROKE</glyphName>
          <mapping subtype="MUFI-PUA" type="codepoint">U+F233</mapping>
          <mapping type="diplomatic"></mapping>
          <mapping type="normalized">y</mapping>
        </glyph>

        <!-- OE CONSONANTS: VARIANT LETTER FORMS -->

        <glyph xml:id="ginsmacr">
          <glyphName>LATIN SMALL LETTER INSULAR G WITH MACRON</glyphName>
          <!--<mapping type="codepoint" subtype="MUFI-PUA">U+</mapping>-->
          <mapping type="diplomatic">ḡ</mapping>
          <mapping type="normalized">g</mapping>
        </glyph>

        <glyph xml:id="Ginsmacr">
          <glyphName>LATIN SMALL LETTER INSULAR G WITH MACRON</glyphName>
          <!--<mapping type="codepoint" subtype="MUFI-PUA">U+</mapping>-->
          <mapping type="diplomatic">Ḡ</mapping>
          <mapping type="normalized">G</mapping>
        </glyph>

        <glyph xml:id="hrdes">
          <glyphName>LATIN SMALL LETTER H WITH RIGHT DESCENDER</glyphName>
          <mapping subtype="MUFI-PUA" type="codepoint">U+F23A</mapping>
          <mapping type="diplomatic"></mapping>
          <mapping type="normalized">h</mapping>
        </glyph>

        <glyph xml:id="Hunc">
          <glyphName>LATIN CAPITAL LETTER UNCIAL H</glyphName>
          <mapping subtype="MUFI-PUA" type="codepoint">U+F110</mapping>
          <mapping type="diplomatic"></mapping>
          <mapping type="normalized">H</mapping>
        </glyph>

        <glyph xml:id="sins">
          <glyphName>LATIN SMALL LETTER INSULAR S</glyphName>
          <mapping type="codepoint">U+A785</mapping>
          <mapping type="diplomatic">ꞅ</mapping>
          <mapping type="normalized">s</mapping>
        </glyph>

        <glyph xml:id="slong">
          <glyphName>LATIN SMALL LETTER LONG S</glyphName>
          <mapping type="codepoint">U+017F</mapping>
          <mapping type="diplomatic">ſ</mapping>
          <mapping type="normalized">s</mapping>
        </glyph>

        <!-- BREVIGRAPHS -->

        <char xml:id="et">
          <charName>LATIN ABBREVIATION SIGN SMALL ET</charName>
          <mapping type="codepoint">U+204A</mapping>
          <mapping type="diplomatic">⁊</mapping>
        </char>

        <!-- PUNCTUATION -->

        <char xml:id="colmidcomposit">
          <charName>COLON WITH MIDDLE COMMA POSITURA</charName>
          <mapping subtype="MUFI-PUA" type="codepoint">U+F1E5</mapping>
          <mapping type="diplomatic"></mapping>
          <!--<mapping type="normalized"></mapping>-->
        </char>

        <char xml:id="middot">
          <charName>MIDDLE DOT</charName>
          <mapping type="codepoint">U+00B7</mapping>
          <mapping type="diplomatic">·</mapping>
          <!--<mapping type="normalized"></mapping>-->
        </char>



      </charDecl>
    </encodingDesc>

    <profileDesc>
      <langUsage>
        <language ident="lat">Latin</language>
      </langUsage>
    </profileDesc>

    <revisionDesc>
      <change when="2013-11" who="RRDT">Moved from entity-based markup to use of the Gaiji module elements; replaced ms
        and ss entities with choice-based element groups; cleaned up punctuation markup</change>
      <change when="2012-11" who="RRDT">Added element facsimile and all necessary stuff to do image-text
        linking</change>
      <change when="2012-11" who="RRDT RC">First cross-revision</change>
      <change when="2010-09" who="RRDT">Conversion to the TEI P5 DTD</change>
      <change when="2004-01" who="RRDT">Experimental transcription using the Digital Scriptorium DTD</change>
    </revisionDesc>

  </teiHeader>

  <facsimile xml:id="fac_dotr">

    <surface xml:id="surf_104v" corresp="#VB_fol_104v">
      <graphic height="1800px" url="immagini\Vercelli-Book_104V_S_300dpi.jpg" width="1200px"/>
      <zone corresp="#VB_lb_104v_01" lrx="1052" lry="211" rend="visible" rendition="Line" ulx="261" uly="156"
        xml:id="VB_line_104v_01"/>
      <zone corresp="#VB_lb_104v_02" lrx="1072" lry="263" rend="visible" rendition="Line" ulx="257" uly="209"
        xml:id="VB_line_104v_02"/>
      <zone corresp="#VB_lb_104v_03" lrx="1062" lry="311" rend="visible" rendition="Line" ulx="255" uly="261"
        xml:id="VB_line_104v_03"/>
      <zone corresp="#VB_lb_104v_04" lrx="1062" lry="364" rend="visible" rendition="Line" ulx="252" uly="309"
        xml:id="VB_line_104v_04"/>
      <zone corresp="#VB_lb_104v_05" lrx="1063" lry="417" rend="visible" rendition="Line" ulx="260" uly="362"
        xml:id="VB_line_104v_05"/>
      <zone corresp="#VB_lb_104v_07" lrx="1072" lry="512" rend="visible" rendition="Line" ulx="210" uly="459"
        xml:id="VB_line_104v_07"/>
      <zone corresp="#VB_lb_104v_08" lrx="1108" lry="560" rend="visible" rendition="Line" ulx="273" uly="510"
        xml:id="VB_line_104v_08"/>
      <zone corresp="#VB_lb_104v_09" lrx="1031" lry="610" rend="visible" rendition="Line" ulx="257" uly="558"
        xml:id="VB_line_104v_09"/>
      <zone corresp="#VB_lb_104v_10" lrx="1051" lry="660" rend="visible" rendition="Line" ulx="258" uly="608"
        xml:id="VB_line_104v_10"/>
      <zone corresp="#VB_lb_104v_11" lrx="1086" lry="707" rend="visible" rendition="Line" ulx="255" uly="658"
        xml:id="VB_line_104v_11"/>
      <zone corresp="#VB_lb_104v_12" lrx="1085" lry="756" rend="visible" rendition="Line" ulx="257" uly="705"
        xml:id="VB_line_104v_12"/>
      <zone corresp="#VB_lb_104v_13" lrx="1102" lry="809" rend="visible" rendition="Line" ulx="258" uly="754"
        xml:id="VB_line_104v_13"/>
      <zone corresp="#VB_lb_104v_14" lrx="1084" lry="861" rend="visible" rendition="Line" ulx="259" uly="807"
        xml:id="VB_line_104v_14"/>
      <zone corresp="#VB_lb_104v_15" lrx="1107" lry="918" rend="visible" rendition="Line" ulx="260" uly="859"
        xml:id="VB_line_104v_15"/>
      <zone corresp="#VB_lb_104v_16" lrx="1014" lry="969" rend="visible" rendition="Line" ulx="262" uly="916"
        xml:id="VB_line_104v_16"/>
      <zone corresp="#VB_lb_104v_17" lrx="1058" lry="1020" rend="visible" rendition="Line" ulx="262" uly="967"
        xml:id="VB_line_104v_17"/>
      <zone corresp="#VB_lb_104v_18" lrx="1068" lry="1067" rend="visible" rendition="Line" ulx="259" uly="1018"
        xml:id="VB_line_104v_18"/>
      <zone corresp="#VB_lb_104v_19" lrx="1099" lry="1116" rend="visible" rendition="Line" ulx="258" uly="1065"
        xml:id="VB_line_104v_19"/>
      <zone corresp="#VB_lb_104v_20" lrx="1039" lry="1168" rend="visible" rendition="Line" ulx="262" uly="1114"
        xml:id="VB_line_104v_20"/>
      <zone corresp="#VB_lb_104v_21" lrx="1058" lry="1220" rend="visible" rendition="Line" ulx="259" uly="1166"
        xml:id="VB_line_104v_21"/>
      <zone corresp="#VB_lb_104v_22" lrx="1062" lry="1271" rend="visible" rendition="Line" ulx="262" uly="1218"
        xml:id="VB_line_104v_22"/>
      <zone corresp="#VB_lb_104v_23" lrx="1084" lry="1318" rend="visible" rendition="Line" ulx="262" uly="1269"
        xml:id="VB_line_104v_23"/>
      <zone corresp="#VB_lb_104v_24" lrx="1104" lry="1372" rend="visible" rendition="Line" ulx="260" uly="1316"
        xml:id="VB_line_104v_24"/>
    </surface>

    <surface xml:id="surf_105r" corresp="#VB_fol_105r">
      <graphic height="1800px" url="immagini\Vercelli-Book_105R_S_300dpi.jpg" width="1200px"/>
      <zone corresp="#VB_lb_105r_01" lrx="995" lry="225" rend="visible" rendition="Line" ulx="135" uly="172"
        xml:id="VB_line_105r_01"/>
      <zone corresp="#VB_lb_105r_02" lrx="968" lry="264" rend="visible" rendition="Line" ulx="135" uly="223"
        xml:id="VB_line_105r_02"/>
      <zone corresp="#VB_lb_105r_03" lrx="971" lry="304" rend="visible" rendition="Line" ulx="135" uly="262"
        xml:id="VB_line_105r_03"/>
      <zone corresp="#VB_lb_105r_04" lrx="977" lry="342" rend="visible" rendition="Line" ulx="130" uly="302"
        xml:id="VB_line_105r_04"/>
      <zone corresp="#VB_lb_105r_05" lrx="990" lry="381" rend="visible" rendition="Line" ulx="133" uly="340"
        xml:id="VB_line_105r_05"/>
      <zone corresp="#VB_lb_105r_06" lrx="992" lry="418" rend="visible" rendition="Line" ulx="135" uly="379"
        xml:id="VB_line_105r_06"/>
      <zone corresp="#VB_lb_105r_07" lrx="1006" lry="459" rend="visible" rendition="Line" ulx="135" uly="416"
        xml:id="VB_line_105r_07"/>
      <zone corresp="#VB_lb_105r_08" lrx="974" lry="498" rend="visible" rendition="Line" ulx="134" uly="457"
        xml:id="VB_line_105r_08"/>
      <zone corresp="#VB_lb_105r_09" lrx="1003" lry="536" rend="visible" rendition="Line" ulx="137" uly="496"
        xml:id="VB_line_105r_09"/>
      <zone corresp="#VB_lb_105r_10" lrx="995" lry="575" rend="visible" rendition="Line" ulx="138" uly="534"
        xml:id="VB_line_105r_10"/>
      <zone corresp="#VB_lb_105r_11" lrx="1027" lry="616" rend="visible" rendition="Line" ulx="140" uly="573"
        xml:id="VB_line_105r_11"/>
      <zone corresp="#VB_lb_105r_12" lrx="1010" lry="657" rend="visible" rendition="Line" ulx="135" uly="614"
        xml:id="VB_line_105r_12"/>
      <zone corresp="#VB_lb_105r_13" lrx="1002" lry="695" rend="visible" rendition="Line" ulx="137" uly="655"
        xml:id="VB_line_105r_13"/>
      <zone corresp="#VB_lb_105r_14" lrx="980" lry="735" rend="visible" rendition="Line" ulx="136" uly="693"
        xml:id="VB_line_105r_14"/>
      <zone corresp="#VB_lb_105r_15" lrx="965" lry="778" rend="visible" rendition="Line" ulx="135" uly="733"
        xml:id="VB_line_105r_15"/>
      <zone corresp="#VB_lb_105r_16" lrx="996" lry="819" rend="visible" rendition="Line" ulx="136" uly="776"
        xml:id="VB_line_105r_16"/>
      <zone corresp="#VB_lb_105r_17" lrx="1010" lry="856" rend="visible" rendition="Line" ulx="131" uly="817"
        xml:id="VB_line_105r_17"/>
      <zone corresp="#VB_lb_105r_18" lrx="1028" lry="892" rend="visible" rendition="Line" ulx="132" uly="854"
        xml:id="VB_line_105r_18"/>
      <zone corresp="#VB_lb_105r_19" lrx="997" lry="935" rend="visible" rendition="Line" ulx="135" uly="890"
        xml:id="VB_line_105r_19"/>
      <zone corresp="#VB_lb_105r_20" lrx="980" lry="977" rend="visible" rendition="Line" ulx="132" uly="933"
        xml:id="VB_line_105r_20"/>
      <zone corresp="#VB_lb_105r_21" lrx="987" lry="1020" rend="visible" rendition="Line" ulx="133" uly="975"
        xml:id="VB_line_105r_21"/>
      <zone corresp="#VB_lb_105r_22" lrx="1022" lry="1059" rend="visible" rendition="Line" ulx="134" uly="1018"
        xml:id="VB_line_105r_22"/>
      <zone corresp="#VB_lb_105r_23" lrx="1013" lry="1100" rend="visible" rendition="Line" ulx="135" uly="1057"
        xml:id="VB_line_105r_23"/>
      <zone corresp="#VB_lb_105r_24" lrx="992" lry="1142" rend="visible" rendition="Line" ulx="133" uly="1098"
        xml:id="VB_line_105r_24"/>
      <zone corresp="#VB_lb_105r_25" lrx="1047" lry="1181" rend="visible" rendition="Line" ulx="135" uly="1140"
        xml:id="VB_line_105r_25"/>
      <zone corresp="#VB_lb_105r_26" lrx="1005" lry="1221" rend="visible" rendition="Line" ulx="130" uly="1179"
        xml:id="VB_line_105r_26"/>
      <zone corresp="#VB_lb_105r_27" lrx="990" lry="1259" rend="visible" rendition="Line" ulx="131" uly="1219"
        xml:id="VB_line_105r_27"/>
      <zone corresp="#VB_lb_105r_28" lrx="993" lry="1299" rend="visible" rendition="Line" ulx="133" uly="1257"
        xml:id="VB_line_105r_28"/>
      <zone corresp="#VB_lb_105r_29" lrx="999" lry="1338" rend="visible" rendition="Line" ulx="134" uly="1297"
        xml:id="VB_line_105r_29"/>
      <zone corresp="#VB_lb_105r_30" lrx="1026" lry="1383" rend="visible" rendition="Line" ulx="130" uly="1336"
        xml:id="VB_line_105r_30"/>
      <zone corresp="#VB_lb_105r_31" lrx="1000" lry="1424" rend="visible" rendition="Line" ulx="129" uly="1381"
        xml:id="VB_line_105r_31"/>
      <zone corresp="#VB_lb_105r_32" lrx="987" lry="1476" rend="visible" rendition="Line" ulx="121" uly="1422"
        xml:id="VB_line_105r_32"/>
    </surface>

    <surface xml:id="surf_105v" corresp="#VB_fol_105v">
      <graphic height="1800px" url="immagini\Vercelli-Book_105V_S_300dpi.jpg" width="1200px"/>
      <zone corresp="#VB_lb_105v_01" lrx="1087" lry="214" rend="visible" rendition="Line" ulx="238" uly="155"
        xml:id="VB_line_105v_01"/>
      <zone corresp="#VB_lb_105v_02" lrx="1082" lry="258" rend="visible" rendition="Line" ulx="237" uly="212"
        xml:id="VB_line_105v_02"/>
      <zone corresp="#VB_lb_105v_03" lrx="1112" lry="298" rend="visible" rendition="Line" ulx="231" uly="256"
        xml:id="VB_line_105v_03"/>
      <zone corresp="#VB_lb_105v_04" lrx="1095" lry="334" rend="visible" rendition="Line" ulx="232" uly="296"
        xml:id="VB_line_105v_04"/>
      <zone corresp="#VB_lb_105v_05" lrx="1049" lry="373" rend="visible" rendition="Line" ulx="229" uly="332"
        xml:id="VB_line_105v_05"/>
      <zone corresp="#VB_lb_105v_06" lrx="1096" lry="409" rend="visible" rendition="Line" ulx="230" uly="371"
        xml:id="VB_line_105v_06"/>
      <zone corresp="#VB_lb_105v_07" lrx="1078" lry="449" rend="visible" rendition="Line" ulx="227" uly="407"
        xml:id="VB_line_105v_07"/>
      <zone corresp="#VB_lb_105v_08" lrx="1058" lry="493" rend="visible" rendition="Line" ulx="228" uly="447"
        xml:id="VB_line_105v_08"/>
      <zone corresp="#VB_lb_105v_09" lrx="1111" lry="533" rend="visible" rendition="Line" ulx="223" uly="491"
        xml:id="VB_line_105v_09"/>
      <zone corresp="#VB_lb_105v_10" lrx="1105" lry="568" rend="visible" rendition="Line" ulx="222" uly="531"
        xml:id="VB_line_105v_10"/>
      <zone corresp="#VB_lb_105v_11" lrx="1069" lry="603" rend="visible" rendition="Line" ulx="221" uly="566"
        xml:id="VB_line_105v_11"/>
      <zone corresp="#VB_lb_105v_12" lrx="1069" lry="651" rend="visible" rendition="Line" ulx="220" uly="601"
        xml:id="VB_line_105v_12"/>
      <zone corresp="#VB_lb_105v_13" lrx="1120" lry="689" rend="visible" rendition="Line" ulx="217" uly="649"
        xml:id="VB_line_105v_13"/>
      <zone corresp="#VB_lb_105v_14" lrx="1049" lry="728" rend="visible" rendition="Line" ulx="216" uly="687"
        xml:id="VB_line_105v_14"/>
      <zone corresp="#VB_lb_105v_15" lrx="1077" lry="769" rend="visible" rendition="Line" ulx="211" uly="726"
        xml:id="VB_line_105v_15"/>
      <zone corresp="#VB_lb_105v_16" lrx="1096" lry="814" rend="visible" rendition="Line" ulx="213" uly="767"
        xml:id="VB_line_105v_16"/>
      <zone corresp="#VB_lb_105v_17" lrx="1080" lry="853" rend="visible" rendition="Line" ulx="213" uly="812"
        xml:id="VB_line_105v_17"/>
      <zone corresp="#VB_lb_105v_18" lrx="1072" lry="890" rend="visible" rendition="Line" ulx="202" uly="851"
        xml:id="VB_line_105v_18"/>
      <zone corresp="#VB_lb_105v_19" lrx="1042" lry="925" rend="visible" rendition="Line" ulx="206" uly="888"
        xml:id="VB_line_105v_19"/>
      <zone corresp="#VB_lb_105v_20" lrx="1106" lry="971" rend="visible" rendition="Line" ulx="200" uly="923"
        xml:id="VB_line_105v_20"/>
      <zone corresp="#VB_lb_105v_21" lrx="1067" lry="1013" rend="visible" rendition="Line" ulx="203" uly="969"
        xml:id="VB_line_105v_21"/>
      <zone corresp="#VB_lb_105v_22" lrx="1069" lry="1054" rend="visible" rendition="Line" ulx="198" uly="1011"
        xml:id="VB_line_105v_22"/>
      <zone corresp="#VB_lb_105v_23" lrx="1092" lry="1096" rend="visible" rendition="Line" ulx="201" uly="1052"
        xml:id="VB_line_105v_23"/>
      <zone corresp="#VB_lb_105v_24" lrx="1046" lry="1138" rend="visible" rendition="Line" ulx="194" uly="1094"
        xml:id="VB_line_105v_24"/>
      <zone corresp="#VB_lb_105v_25" lrx="1085" lry="1172" rend="visible" rendition="Line" ulx="197" uly="1136"
        xml:id="VB_line_105v_25"/>
      <zone corresp="#VB_lb_105v_26" lrx="1075" lry="1213" rend="visible" rendition="Line" ulx="194" uly="1170"
        xml:id="VB_line_105v_26"/>
      <zone corresp="#VB_lb_105v_27" lrx="1082" lry="1253" rend="visible" rendition="Line" ulx="194" uly="1211"
        xml:id="VB_line_105v_27"/>
      <zone corresp="#VB_lb_105v_28" lrx="1042" lry="1293" rend="visible" rendition="Line" ulx="196" uly="1251"
        xml:id="VB_line_105v_28"/>
      <zone corresp="#VB_lb_105v_29" lrx="1061" lry="1335" rend="visible" rendition="Line" ulx="195" uly="1291"
        xml:id="VB_line_105v_29"/>
      <zone corresp="#VB_lb_105v_30" lrx="1081" lry="1377" rend="visible" rendition="Line" ulx="191" uly="1333"
        xml:id="VB_line_105v_30"/>
      <zone corresp="#VB_lb_105v_31" lrx="1046" lry="1416" rend="visible" rendition="Line" ulx="194" uly="1375"
        xml:id="VB_line_105v_31"/>
      <zone corresp="#VB_lb_105v_32" lrx="1065" lry="1478" rend="visible" rendition="Line" ulx="194" uly="1414"
        xml:id="VB_line_105v_32"/>
    </surface>

    <surface xml:id="surf_106r" corresp="#VB_fol_106r">
      <graphic height="1800px" url="immagini\Vercelli-Book_106R_S_300dpi.jpg" width="1200px"/>
      <zone corresp="#VB_lb_106r_01" lrx="1027" lry="220" rend="visible" rendition="Line" ulx="134" uly="169"
        xml:id="VB_line_106r_01"/>
      <zone corresp="#VB_lb_106r_02" lrx="1009" lry="260" rend="visible" rendition="Line" ulx="136" uly="218"
        xml:id="VB_line_106r_02"/>
      <zone corresp="#VB_lb_106r_03" lrx="986" lry="304" rend="visible" rendition="Line" ulx="137" uly="258"
        xml:id="VB_line_106r_03"/>
      <zone corresp="#VB_lb_106r_04" lrx="1016" lry="343" rend="visible" rendition="Line" ulx="139" uly="302"
        xml:id="VB_line_106r_04"/>
      <zone corresp="#VB_lb_106r_05" lrx="1007" lry="378" rend="visible" rendition="Line" ulx="137" uly="341"
        xml:id="VB_line_106r_05"/>
      <zone corresp="#VB_lb_106r_06" lrx="1010" lry="414" rend="visible" rendition="Line" ulx="137" uly="376"
        xml:id="VB_line_106r_06"/>
      <zone corresp="#VB_lb_106r_07" lrx="1014" lry="454" rend="visible" rendition="Line" ulx="136" uly="412"
        xml:id="VB_line_106r_07"/>
      <zone corresp="#VB_lb_106r_08" lrx="996" lry="500" rend="visible" rendition="Line" ulx="136" uly="452"
        xml:id="VB_line_106r_08"/>
      <zone corresp="#VB_lb_106r_09" lrx="989" lry="537" rend="visible" rendition="Line" ulx="139" uly="498"
        xml:id="VB_line_106r_09"/>
      <zone corresp="#VB_lb_106r_10" lrx="1007" lry="576" rend="visible" rendition="Line" ulx="133" uly="535"
        xml:id="VB_line_106r_10"/>
      <zone corresp="#VB_lb_106r_11" lrx="976" lry="616" rend="visible" rendition="Line" ulx="136" uly="574"
        xml:id="VB_line_106r_11"/>
      <zone corresp="#VB_lb_106r_12" lrx="983" lry="656" rend="visible" rendition="Line" ulx="136" uly="614"
        xml:id="VB_line_106r_12"/>
      <zone corresp="#VB_lb_106r_13" lrx="996" lry="698" rend="visible" rendition="Line" ulx="140" uly="654"
        xml:id="VB_line_106r_13"/>
      <zone corresp="#VB_lb_106r_14" lrx="1011" lry="739" rend="visible" rendition="Line" ulx="141" uly="696"
        xml:id="VB_line_106r_14"/>
      <zone corresp="#VB_lb_106r_15" lrx="1024" lry="782" rend="visible" rendition="Line" ulx="136" uly="737"
        xml:id="VB_line_106r_15"/>
      <zone corresp="#VB_lb_106r_16" lrx="971" lry="820" rend="visible" rendition="Line" ulx="140" uly="780"
        xml:id="VB_line_106r_16"/>
      <zone corresp="#VB_lb_106r_17" lrx="1023" lry="859" rend="visible" rendition="Line" ulx="136" uly="818"
        xml:id="VB_line_106r_17"/>
      <zone corresp="#VB_lb_106r_18" lrx="1009" lry="902" rend="visible" rendition="Line" ulx="136" uly="857"
        xml:id="VB_line_106r_18"/>
      <zone corresp="#VB_lb_106r_19" lrx="1019" lry="941" rend="visible" rendition="Line" ulx="136" uly="900"
        xml:id="VB_line_106r_19"/>
      <zone corresp="#VB_lb_106r_20" lrx="1016" lry="980" rend="visible" rendition="Line" ulx="138" uly="939"
        xml:id="VB_line_106r_20"/>
      <zone corresp="#VB_lb_106r_21" lrx="1028" lry="1019" rend="visible" rendition="Line" ulx="135" uly="978"
        xml:id="VB_line_106r_21"/>
      <zone corresp="#VB_lb_106r_22" lrx="999" lry="1057" rend="visible" rendition="Line" ulx="138" uly="1017"
        xml:id="VB_line_106r_22"/>
      <zone corresp="#VB_lb_106r_23" lrx="977" lry="1099" rend="visible" rendition="Line" ulx="140" uly="1055"
        xml:id="VB_line_106r_23"/>
      <zone corresp="#VB_lb_106r_24" lrx="1012" lry="1143" rend="visible" rendition="Line" ulx="138" uly="1097"
        xml:id="VB_line_106r_24"/>
      <zone corresp="#VB_lb_106r_25" lrx="1036" lry="1184" rend="visible" rendition="Line" ulx="136" uly="1141"
        xml:id="VB_line_106r_25"/>
      <zone corresp="#VB_lb_106r_26" lrx="993" lry="1224" rend="visible" rendition="Line" ulx="137" uly="1182"
        xml:id="VB_line_106r_26"/>
      <zone corresp="#VB_lb_106r_27" lrx="1044" lry="1267" rend="visible" rendition="Line" ulx="137" uly="1222"
        xml:id="VB_line_106r_27"/>
      <zone corresp="#VB_lb_106r_28" lrx="978" lry="1305" rend="visible" rendition="Line" ulx="133" uly="1265"
        xml:id="VB_line_106r_28"/>
      <zone corresp="#VB_lb_106r_29" lrx="977" lry="1347" rend="visible" rendition="Line" ulx="137" uly="1303"
        xml:id="VB_line_106r_29"/>
      <zone corresp="#VB_lb_106r_30" lrx="978" lry="1383" rend="visible" rendition="Line" ulx="134" uly="1345"
        xml:id="VB_line_106r_30"/>
      <zone corresp="#VB_lb_106r_31" lrx="989" lry="1419" rend="visible" rendition="Line" ulx="132" uly="1381"
        xml:id="VB_line_106r_31"/>
      <zone corresp="#VB_lb_106r_32" lrx="966" lry="1472" rend="visible" rendition="Line" ulx="133" uly="1417"
        xml:id="VB_line_106r_32"/>
      <zone corresp="#VB_div_hs_106r_01" xml:id="VB_hs_106r_01" rendition="HotSpot" ulx="396" uly="358" lrx="532" lry="423" rend="visible"/>
    </surface>

  </facsimile>

  <text>

    <front>
      
      <titlePage>
        <titlePart>The Dream of the Rood</titlePart>
      </titlePage>

      <div type="paratext" subtype="intro">
        <p><title>The Dream of the Rood</title>, dating back to the first half of the 8th Century in its earliest
          version, is one of the first Christian poems in the corpus of Old English literature and one of the main
          examples of the genre of dream poetry in English. Due to its artistic qualities and overall relevance for
          Anglo-Saxon studies it is considered one of the most important achievements of Old English poetry; it is also
          one of the very few texts in this tradition that has been preserved in more than one witness. The complete
          poem can be found in the late 10th Century Vercelli Book codex, but a fragment was carved in runes on the 8th
          Century Ruthwell Stone Cross (Dumfriesshire, Scotland), and a small excerpt can be found also on the Brussels
          Cross (St. Michael and St. Gudula Cathedral, Brussels, Belgium), an Anglo-Saxon cross-reliquary of the early
          11th century.</p>
        
        <p>In the Vercelli Book the poem starts with the with the narrator having a dream: in this dream a wonderful
          object, which is later to be identified with the Holy Cross, stands in the air and tells the story of the
          crucifixion of Christ to the narrator.</p>
      </div>

      <div type="paratext" subtype="references">

        <listBibl>

          <biblStruct xml:id="Swanton1969">
            <analytic>
              <author>Swanton, M.J.</author>
              <title level="a">Ambiguity and anticipation in <title>The Dream of the Rood</title></title>
            </analytic>
            <monogr>
              <title level="j">Neuphilologische Mitteilungen</title>
              <imprint>
                <biblScope type="vol">70.3</biblScope>
                <date>1969</date>
                <biblScope type="pages">407-425</biblScope>
              </imprint>
            </monogr>
            <note type="comment">Studio sulla natura e sulla complessità linguistica del <title>Sogno della Croce</title>.</note>
            <note type="key">DOTR</note>
          </biblStruct>
          
          <biblStruct xml:id="Tale1978">
            <analytic>
              <author>Tale, George S.</author>
              <title level="a">Chiasmus as metaphor: the <title>figura crucis</title> tradition and <title>The Dream of the Rood</title></title>
            </analytic>
            <monogr>
              <title level="j">Neuphilologische Mitteilungen</title>
              <imprint>
                <biblScope type="vol">79.2</biblScope>
                <date>1978</date>
                <biblScope type="pages">114-125</biblScope>
              </imprint>
            </monogr>
            <note type="key">DOTR</note>
          </biblStruct>
          
           <biblStruct xml:id="Wolf1970">
            <analytic>
              <author>Wolf, Carol J.</author>
              <title level="a">Christ as hero in <title>The Dream of the Rood</title></title>
            </analytic>
            <monogr>
              <title level="j">Neuphilologische Mitteilungen</title>
              <imprint>
                <biblScope type="vol">71.2</biblScope>
                <date>1970</date>
                <biblScope type="pages">203-210</biblScope>
              </imprint>
            </monogr>
            <note type="key">DOTR</note>
          </biblStruct>

           <biblStruct xml:id="Woolf1958">
            <analytic>
              <author>Woolf, Rosemary</author>
              <title level="a">Doctrinal Influences on <title>The Dream of the Rood</title></title>
            </analytic>
            <monogr>
              <title level="j">Medium Ævum</title>
              <imprint>
                <biblScope type="vol">27.3</biblScope>
                <date>1958</date>
                <biblScope type="pages">137-153</biblScope>
              </imprint>
            </monogr>
            <note type="key">DOTR</note>
          </biblStruct>
        
          <biblStruct xml:id="Bammesberger2002">
            <analytic>
              <author>Bammesberger, Alfred</author>
              <title level="a">A Doubtful Reconstruction of the Old English Ruthwell Crucifixion Poem</title>
            </analytic>
            <monogr>
              <title level="j">Studia Neophilologica</title>
              <imprint>
                <biblScope type="vol">74</biblScope>
                <date>2002</date>
                <biblScope type="pages">143-45</biblScope>
              </imprint>
            </monogr>
            <note type="comment">Response to David Howlett.</note>
            <note type="key">DOTR</note>
          </biblStruct>

          <biblStruct xml:id="Gvozdetskaya2001">
            <analytic>
              <author>Gvozdetskaya, N. Yu</author>
              <title level="a">Semantika drevneangliyskoy poeticheskoy formuly (na materiale Beovul'fa i Videniya kresta) (The Semantics of the Old English
                Poetic Formula, Based on Beowulf and The Dream of the Rood)</title>
            </analytic>
            <monogr>
              <title level="m">Lingvistika na rubezhe epoh. Idei i toposy. Sbornik statey: ( = Linguistics at the Turn of the Millennium: Ideas and Topoi: Essay
                Collection)</title>
              <editor/>
              <imprint>
                <pubPlace>Moscow</pubPlace>
                <publisher>n.p.</publisher>
                <date>2001</date>
              </imprint>
              <biblScope type="pages">245-62</biblScope>
            </monogr>
            <note type="key">DOTR</note>
          </biblStruct>

          <biblStruct xml:id="Conti2001">
            <analytic>
              <author>Conti, Aidan</author>
              <title level="a">An Anonymous Homily for Palm Sunday, The Dream of the Rood, and the Progress of Ælfric's Reform</title>
            </analytic>
            <monogr>
              <title level="j">Notes and Queries n.s.</title>
              <imprint>
                <biblScope type="vol">48</biblScope>
                <date>2001</date>
                <biblScope type="pages">377-80</biblScope>
              </imprint>
            </monogr>
            <note type="key">DOTR</note>
          </biblStruct>

          <biblStruct xml:id="Wheelock2000">
            <analytic>
              <author>Wheelock, Jeremy I.</author>
              <title level="a">The Word Made Flesh: 'engel dryhtnes' in <title>The Dream of the Rood</title></title>
            </analytic>
            <monogr>
              <title level="j">English Language Notes</title>
              <imprint>
                <biblScope type="vol">37.3</biblScope>
                <date>2000</date>
                <biblScope type="pages">1-11</biblScope>
              </imprint>
            </monogr>
            <note type="key">DOTR</note>
          </biblStruct>

          <biblStruct xml:id="Sorrell2000">
            <analytic>
              <author>Sorrell, Paul</author>
              <title level="a">Word Alchemy: a Window on Anglo-Saxon Culture</title>
            </analytic>
            <monogr>
              <title level="j">Parabola</title>
              <imprint>
                <biblScope type="vol">25.2</biblScope>
                <date>2000</date>
                <biblScope type="pages">62-68</biblScope>
              </imprint>
            </monogr>
            <note type="key"/>
          </biblStruct>

          <biblStruct xml:id="Roberts2000">
            <analytic>
              <author>Roberts, Jane</author>
              <title level="a">Some Relationships between <title>The Dream of the Rood</title> and the Cross at Ruthwell</title>
            </analytic>
            <monogr>
              <title level="j">Stud. in Med. Eng. Lang. and Lit. (Tokyo)</title>
              <imprint>
                <biblScope type="vol">15</biblScope>
                <date>2000</date>
                <biblScope type="pages">1-25</biblScope>
              </imprint>
            </monogr>
            <note type="key">DOTR</note>
            <note type="key">RC</note>
          </biblStruct>

          <biblStruct xml:id="OCarragain2000">
            <analytic>
              <author>Ó Carragáin, Éamonn</author>
              <title level="a">The Annunciation of the Lord and His Passion: a Liturgical Topos from St Peter's on the Vatican in <title>The Dream of the
                Rood</title>, Thomas Cranmer and John Donne</title>
            </analytic>
            <monogr>
              <title level="m">Essays on Anglo-Saxon and Related Themes in Memory of Lynne Grundy</title>
              <editor>Jane Roberts and Janet Nelson</editor>
              <imprint>
                <pubPlace>London</pubPlace>
                <publisher>Centre for Late Antique and Medieval Studies, King's College, University of London</publisher>
                <date>2000</date>
              </imprint>
              <biblScope type="pages">339-81</biblScope>
            </monogr>
            <series> <title level="s">King's College London Medieval Studies</title> <biblScope type="vol">17</biblScope> </series>
            <note type="key">DOTR</note>
          </biblStruct>

          <biblStruct xml:id="Crawford2000">
            <analytic>
              <author>Crawford, Robert</author>
              <title level="a">The Vision of the Cross</title>
            </analytic>
            <monogr>
              <title level="j">Stand n.s.</title>
              <imprint>
                <biblScope type="vol">2.2</biblScope>
                <date>2000</date>
                <biblScope type="pages">143-46</biblScope>
              </imprint>
            </monogr>
            <note type="comment">Traduzione.</note>
            <note type="key">DOTR</note>
          </biblStruct>

        </listBibl>
        
         <list>
           <item>Britt Mize. “The Mental Container and the Cross of Christ: Revelation and Community in The Dream of the Rood.” Studies in Philology 107.2 (2010): 131–178. Project MUSE. Web.</item>
           <item>Galloway, Andrew. “Dream-Theory in The Dream of the Rood and The Wanderer.” The Review of English Studies 45.180 (1994): 475–485. Print. New Series.</item>
          <item> Heckman, Christina M. “Imitatio in Early Medieval Spirituality: The Dream of the Rood, Anselm, and Militant Christology.” Essays in Medieval Studies 22.1 (2005): 141–153. Project MUSE. Web.</item>
           <item>Irvine, Susan. “Adam or Christ? A Pronominal Pun in The Dream of the Rood.” The Review of English Studies 48.192 (1997): 433–447. Print. New Series.</item>
           <item>LUISELLI FADDA, Anna Maria. “La Croce Nella Tradizione Poetica Anglosassone (sec. VIII-IX).” Romanobarbarica: Contributi allo studio dei rapporti culturali tra mondo latino e mondo barbarico 17 (2003): 333–359. Print.</item>
           <item>Thieme, Adelheid L. J. “Gift Giving as a Vital Element of Salvation in ‘The Dream of the Rood.’” South Atlantic Review 63.2 (1998): 108–123. JSTOR. Web.</item>
         </list>

        <listBibl xmlns="http://www.tei-c.org/ns/1.0">
          <biblStruct type="journalArticle" xml:id="Britt_Mize2010">
            <analytic>
              <title level="a">The Mental Container and the Cross of Christ: Revelation and Community in The Dream of
                the Rood</title>
              <author><name>Britt Mize</name></author>
            </analytic>
            <monogr>
              <title level="j">Studies in Philology</title>
              <imprint>
                <biblScope type="vol">107</biblScope>
                <biblScope type="issue">2</biblScope>
                <biblScope type="pp">131-178</biblScope>
                <date>2010</date>
                <note type="accessed">2011-05-21 19:28:20</note>
                <note type="url">http://muse.jhu.edu/journals/studies_in_philology/v107/107.2.mize.html</note>
              </imprint>
            </monogr>
            <idno type="ISSN">1543-0383</idno>
            <idno type="DOI">10.1353/sip.0.0050</idno>
          </biblStruct>
          <biblStruct type="journalArticle" xml:id="Heckman2005">
            <analytic>
              <title level="a">Imitatio in Early Medieval Spirituality: The Dream of the Rood, Anselm, and Militant
                Christology</title>
              <author><forename>Christina M.</forename><surname>Heckman</surname></author>
            </analytic>
            <monogr>
              <title level="j">Essays in Medieval Studies</title>
              <imprint>
                <biblScope type="vol">22</biblScope>
                <biblScope type="issue">1</biblScope>
                <biblScope type="pp">141-153</biblScope>
                <date>2005</date>
                <note type="accessed">2011-05-21 19:36:24</note>
                <note type="url">http://muse.jhu.edu/journals/essays_in_medieval_studies/v022/22.1heckman.html</note>
              </imprint>
            </monogr>
            <idno type="ISSN">1538-4608</idno>
            <idno type="DOI">10.1353/ems.2006.0006</idno>
          </biblStruct>
          <biblStruct type="journalArticle" xml:id="LUISELLI_FADDA2003">
            <analytic>
              <title level="a">La Croce nella tradizione poetica anglosassone (sec. VIII-IX)</title>
              <author><forename>Anna Maria</forename><surname>LUISELLI FADDA</surname></author>
            </analytic>
            <monogr>
              <title level="j">Romanobarbarica: Contributi allo studio dei rapporti culturali tra mondo latino e mondo
                barbarico</title>
              <imprint>
                <biblScope type="vol">17</biblScope>
                <biblScope type="pp">333-359</biblScope>
                <date>2003</date>
              </imprint>
            </monogr>
            <idno type="ISSN">0391-285X</idno>
          </biblStruct>
          <biblStruct type="journalArticle" xml:id="Thieme1998">
            <analytic>
              <title level="a">Gift Giving as a Vital Element of Salvation in "The Dream of the Rood"</title>
              <author><forename>Adelheid L. J.</forename><surname>Thieme</surname></author>
            </analytic>
            <monogr>
              <title level="j">South Atlantic Review</title>
              <imprint>
                <biblScope type="vol">63</biblScope>
                <biblScope type="issue">2</biblScope>
                <biblScope type="pp">108-123</biblScope>
                <date>1998</date>
                <note type="accessed">2011-03-23 13:42:10</note>
                <note type="url">http://www.jstor.org/stable/3201041</note>
              </imprint>
            </monogr>
            <idno type="ISSN">0277335X</idno>
            <idno type="DOI">10.2307/3201041</idno>
          </biblStruct>
          <biblStruct type="journalArticle" xml:id="Irvine1997">
            <analytic>
              <title level="a">Adam or Christ? A Pronominal Pun in The Dream of the Rood</title>
              <author><forename>Susan</forename><surname>Irvine</surname></author>
            </analytic>
            <monogr>
              <title level="j">The Review of English Studies</title>
              <imprint>
                <biblScope type="vol">48</biblScope>
                <biblScope type="issue">192</biblScope>
                <biblScope type="pp">433-447</biblScope>
                <date>1997</date>
                <note type="accessed">2011-03-23 13:42:09</note>
                <note type="url">http://www.jstor.org/stable/518491</note>
              </imprint>
            </monogr>
            <series><title level="s">New Series</title></series>
            <idno type="ISSN">00346551</idno>
          </biblStruct>
          <biblStruct type="journalArticle" xml:id="Galloway1994">
            <analytic>
              <title level="a">Dream-Theory in The Dream of the Rood and The Wanderer</title>
              <author><forename>Andrew</forename><surname>Galloway</surname></author>
            </analytic>
            <monogr>
              <title level="j">The Review of English Studies</title>
              <imprint>
                <biblScope type="vol">45</biblScope>
                <biblScope type="issue">180</biblScope>
                <biblScope type="pp">475-485</biblScope>
                <date>1994</date>
                <note type="accessed">2011-03-23 13:42:07</note>
                <note type="url">http://www.jstor.org/stable/517806</note>
              </imprint>
            </monogr>
            <series><title level="s">New Series</title></series>
            <idno type="ISSN">00346551</idno>
          </biblStruct>
        </listBibl>

      </div>

    </front>

    <body>

      <div n="DOTR" subtype="edition_text" type="verse" xml:id="DOTR">

        <!-- #######################################  folio 104v  ####################################### -->
        <pb n="104v" xml:id="VB_fol_104v"/>

        <l n="1"><lb facs="#VB_line_104v_07" n="7" xml:id="VB_lb_104v_07"/><hi rend="init3.1"><g ref="#Hunc"/></hi><hi
            rend="cap">W</hi>æt ic <g ref="#slong"/>wefna c<g ref="#ydot"/><g ref="#sins"/>t secgan<lb/> wylle</l>
        <l n="2"><choice>
            <sic>hæt</sic>
            <corr resp="Grein">hwæt</corr>
          </choice>
          <choice>
            <orig>mege mætte</orig>
            <reg>me gemætte</reg>
          </choice><lb facs="#VB_line_104v_08" n="8" xml:id="VB_lb_104v_08"/>to midre nihte</l>
        <l n="3">syðþan <choice>
            <orig>reord b<g ref="#eenl"/>r<g ref="#eenl"/>nd</orig>
            <reg>reordberend</reg>
          </choice> reste wunedon<orig><pc type="metrical">.</pc></orig></l>
        <l n="4"><lb facs="#VB_line_104v_09" n="9" xml:id="VB_lb_104v_09"/>þuhte me þæt ic <choice>
            <orig>ge <g ref="#sins"/>awe</orig>
            <reg>gesawe</reg>
          </choice>
          <g ref="#sins"/>yllicre treow</l>
        <l n="5"><choice>
            <orig>onlyft</orig>
            <reg>on lyft</reg>
          </choice><lb facs="#VB_line_104v_10" n="10" xml:id="VB_lb_104v_10"/>lædan leohte <choice>
            <orig>be wunden</orig>
            <reg>bewunden</reg>
          </choice></l>
        <l n="6">beama beorhto<g ref="#sins"/>t eall
          þæt<lb facs="#VB_line_104v_11" n="11" xml:id="VB_lb_104v_11"/>beacen wæ<g ref="#sins"/></l>
        <l n="7"><choice>
            <orig>be goten</orig>
            <reg>begoten</reg>
          </choice> mid golde gimma<g ref="#sins"/>
          <g ref="#slong"/>todon</l>
        <l n="8">fægere<lb facs="#VB_line_104v_12" n="12" xml:id="VB_lb_104v_12"/>æt foldan <g ref="#slong"/>ceatum<orig>
            <pc type="metrical">.</pc></orig>
          <g ref="#slong"/>wylce þær fife wæron</l>
        <l n="9">uppe<lb facs="#VB_line_104v_13" n="13" xml:id="VB_lb_104v_13"/><choice>
            <orig>onþam</orig>
            <reg>on þam</reg>
          </choice>
          <choice>
            <orig>eaxle ge <g ref="#slong"/>panne</orig>
            <reg>eaxlegespanne</reg>
          </choice>
          <choice>
            <orig>be heoldon</orig>
            <reg>beheoldon</reg>
          </choice> þær engel
          dr<g ref="#yrgmainstrok"/>ht<lb facs="#VB_line_104v_14" n="14" xml:id="VB_lb_104v_14"/>ne<g ref="#sins"/>
          ealle</l>
        <l n="10">fægere þurh <choice>
            <orig>forð ge sceaft</orig>
            <reg>forðgesceaft</reg>
          </choice>
          <choice>
            <orig>newæ<g ref="#sins"/></orig>
            <reg>ne wæs</reg>
          </choice>
          <choice>
            <orig>ðærhuru</orig>
            <reg>ðær huru</reg>
          </choice><lb facs="#VB_line_104v_15" n="15" xml:id="VB_lb_104v_15"/>fracode<g ref="#sins"/> gealga<orig>
            <pc type="metrical">.</pc></orig></l>
        <l n="11"><choice>
            <orig><hi rend="double"><g ref="#aenl"/></hi>chine</orig>
            <reg>ac hine</reg>
          </choice> þær beheoldon halige ga<g ref="#slong"/>ta<g ref="#sins"/></l>
        <l n="12"><lb facs="#VB_line_104v_16" n="16" xml:id="VB_lb_104v_16"/>men ofer moldan <choice>
            <orig><abbr type="brev"><g ref="#et"/></abbr>eall</orig>
            <reg><expan><ex>and</ex></expan> eall</reg>
          </choice> þeo<g ref="#sins"/> mære <choice>
            <orig>ge <g ref="#slong"/>ceaft</orig>
            <reg>gesceaft</reg>
          </choice>
          <g ref="#colmidcomposit"/></l>
        <l n="13"><lb facs="#VB_line_104v_17" n="17" xml:id="VB_lb_104v_17"/><hi rend="cap">S</hi>yllic wæ<g ref="#sins"/>
          <g ref="#sins"/>e <choice>
            <orig><g ref="#sins"/>ige beam</orig>
            <reg>sigebeam</reg>
          </choice>
          <choice>
            <orig><abbr type="brev"><g ref="#et"/></abbr><g ref="#inodotenl"/>c</orig>
            <reg><expan><ex>and</ex></expan> ic</reg>
          </choice>
          <choice>
            <abbr><g ref="#sins"/>ynn<am><g ref="#umacr"/></am></abbr>
            <expan>synnu<ex>m</ex></expan>
          </choice> f<g ref="#aacute"/>h</l>
        <l n="14"><choice>
            <orig>for wunded</orig>
            <reg>forwunded</reg>
          </choice><lb facs="#VB_line_104v_18" n="18" xml:id="VB_lb_104v_18"/>mid <choice>
            <abbr>womm<am><g ref="#umacr"/></am></abbr>
            <expan>wommu<ex>m</ex></expan>
          </choice>
          <choice>
            <orig>ge seah</orig>
            <reg>geseah</reg>
          </choice> ic wuldre<g ref="#sins"/> treow<orig><pc type="metrical">.</pc></orig></l>
        <l n="15">wædum geweor<lb facs="#VB_line_104v_19" n="19" xml:id="VB_lb_104v_19"/>ðode <choice>
            <abbr>wynn<am><g ref="#umacr"/></am></abbr>
            <expan>wynnu<ex>m</ex></expan>
          </choice> scinan</l>
        <l n="16"><choice>
            <orig>ge gyred</orig>
            <reg>gegyred</reg>
          </choice> mid golde gimma<g ref="#sins"/> hæfdon</l>
        <l n="17"><lb facs="#VB_line_104v_20" n="20" xml:id="VB_lb_104v_20"/><choice>
            <orig>be wrigene</orig>
            <reg>bewrigene</reg>
          </choice> weorðlice <choice>
            <sic>wealdes</sic>
            <corr resp="krapp">wealdendes</corr>
          </choice> treow <g ref="#colmidcomposit"/></l>
        <l n="18"><hi rend="double">h</hi>wæðre ic<lb facs="#VB_line_104v_21" n="21" xml:id="VB_lb_104v_21"/>þurh þæt
          gold ongytan meahte</l>
        <l n="19">earmra ærgewin<lb facs="#VB_line_104v_22" n="22" xml:id="VB_lb_104v_22"/>þæt hit ærest ongan</l>
        <l n="20"><g ref="#slong"/>wætan on þa <g ref="#slong"/>wiðran healfe<lb facs="#VB_line_104v_23" n="23" xml:id="VB_lb_104v_23"/><choice>
            <orig>eallic</orig>
            <reg>eall ic</reg>
          </choice> wæ<g ref="#sins"/> mid <choice>
            <sic><g ref="#sins"/>urgum</sic>
            <corr resp="krapp">sorgum</corr>
          </choice> gedrefed<orig>
            <pc type="metrical">.</pc></orig></l>
        <l n="21"><hi rend="cap">F</hi>orht <choice>
            <orig>icwæ<g ref="#sins"/></orig>
            <reg>ic wæs</reg>
          </choice> for<lb facs="#VB_line_104v_24" n="24" xml:id="VB_lb_104v_24"/>þære fægran <choice>
            <orig><damage>g</damage>e <g ref="#sins"/>yhðe</orig>
            <reg>gesyhðe</reg>
          </choice>
          <choice>
            <orig>ge <g ref="#sins"/>eah</orig>
            <reg>geseah</reg>
          </choice> ic þæt fu<g ref="#sins"/>e beacen<orig><pc type="metrical">.</pc></orig></l>

        <!-- #######################################  folio 105r  ####################################### -->
        
        <pb n="105r" xml:id="VB_fol_105r"/>

        <ab>
          <add>
            <fw place="top-middle" type="cw"><num value="15">XV</num></fw>
            <fw place="top-right" type="fol"><add hand="unknown">105.</add></fw>
          </add>
        </ab>

        <l n="22"><lb facs="#VB_line_105r_01" n="1" xml:id="VB_lb_105r_01"/>wendan wædum <choice>
            <orig><abbr type="brev"><g ref="#et"/></abbr>bleom</orig>
            <reg><expan><ex>and</ex></expan> bleom</reg>
          </choice> hwilum hit wæ<g ref="#sins"/> mid wætan <choice>
            <orig>be <g ref="#slong"/>temed</orig>
            <reg>bestemed</reg>
          </choice><orig><pc type="metrical">.</pc></orig></l>
        <l n="23">be<g ref="#slong"/>wyled<lb facs="#VB_line_105r_02" n="2" xml:id="VB_lb_105r_02"/>mid
          <g ref="#slong"/>wate<g ref="#sins"/> gange<orig>
            <pc type="metrical">.</pc></orig>
          <hi rend="double"><g ref="#hrdes"/></hi>wilum mid <g ref="#slong"/>ince gegyrwed<orig>
            <pc type="metrical">.</pc></orig></l>
        <l n="24"><hi rend="double"><g ref="#hrdes"/></hi>wæðre <choice>
            <orig>icþær</orig>
            <reg>ic þær</reg>
          </choice><lb facs="#VB_line_105r_03" n="3" xml:id="VB_lb_105r_03"/>licgende lange hwile<orig><pc
              type="metrical">.</pc></orig></l>
        <l n="25">beheold <choice>
            <orig>hreow cearig</orig>
            <reg>hreowcearig</reg>
          </choice><orig>
            <pc type="metrical">.</pc></orig> hælende<g ref="#sins"/> treow<orig><pc type="metrical">.</pc></orig></l>
        <l n="26"><lb facs="#VB_line_105r_04" n="4" xml:id="VB_lb_105r_04"/>oððæt <choice>
            <orig>icgehyrde</orig>
            <reg>ic gehyrde</reg>
          </choice> þæt hit hleoðrode</l>
        <l n="27">ongan þa word <g ref="#slong"/>precan<lb facs="#VB_line_105r_05" n="5" xml:id="VB_lb_105r_05"/>wudu
          <g ref="#sins"/>elesta</l>
        <l n="28">þæt wæs geara iu<orig>
            <pc type="metrical">.</pc></orig>
          <choice>
            <orig><g ref="#inodotenl"/>cþæt</orig>
            <reg>ic þæt</reg>
          </choice> gyta <choice>
            <orig>ge man</orig>
            <reg>geman</reg>
          </choice><orig>
            <pc type="metrical">.</pc></orig></l>
        <l n="29">þæt ic
          wæ<g ref="#sins"/><lb facs="#VB_line_105r_06" n="6" xml:id="VB_lb_105r_06"/><g ref="#aacute"/>heawen holte<g ref="#sins"/>
          <choice>
            <orig>onende</orig>
            <reg>on ende</reg>
          </choice></l>
        <l n="30">a<g ref="#slong"/>tyred of <g ref="#slong"/>tefne <choice>
            <abbr>min<am><g ref="#umacr"/></am></abbr>
            <expan>minu<ex>m</ex></expan>
          </choice>
          <orig><pc type="metrical">.</pc></orig>genaman<lb facs="#VB_line_105r_07" n="7" xml:id="VB_lb_105r_07"/><choice>
            <orig>meðær</orig>
            <reg>me ðær</reg>
          </choice>
          <g ref="#slong"/>trange feonda<g ref="#sins"/></l>
        <l n="31"><choice>
            <orig>ge worhton</orig>
            <reg>geworhton</reg>
          </choice> him þær to <choice>
            <orig>wæfer <g ref="#slong"/>yne</orig>
            <reg>wæfersyne</reg>
          </choice><lb facs="#VB_line_105r_08" n="8" xml:id="VB_lb_105r_08"/>heton me heora werga<g ref="#sins"/> hebban<orig>
            <pc type="metrical">.</pc></orig></l>
        <l n="32">bæron <choice>
            <orig>meðær</orig>
            <reg>me ðær</reg>
          </choice> beorna<g ref="#sins"/><lb facs="#VB_line_105r_09" n="9" xml:id="VB_lb_105r_09"/>on eaxlum oððæt hie
          me <choice>
            <orig>onbeorg</orig>
            <reg>on beorg</reg>
          </choice> a<g ref="#sins"/>etton</l>
        <l n="33"><choice>
            <orig>gefæ<g ref="#sins"/>t nodon</orig>
            <reg>gefæstnodon</reg>
          </choice> me<lb facs="#VB_line_105r_10" n="10" xml:id="VB_lb_105r_10"/>þær feonda<g ref="#sins"/> genoge<orig>
            <pc type="metrical">.</pc></orig>
          <choice>
            <orig>ge <g ref="#sins"/>eah</orig>
            <reg>geseah</reg>
          </choice> ic þa frean <choice>
            <orig>man cynnes</orig>
            <reg>mancynnes</reg>
          </choice></l>
        <l n="34">ef<g ref="#slong"/>tan<lb facs="#VB_line_105r_11" n="11" xml:id="VB_lb_105r_11"/>elne mycle<choice>
            <orig><pc type="metrical">.</pc></orig>
            <reg> </reg>
          </choice>þæt he me wolde <choice>
            <orig>onge <g ref="#sins"/>tigan</orig>
            <reg>on gestigan</reg>
          </choice><orig>
            <pc type="metrical">.</pc></orig></l>
        <l n="35">þær <choice>
            <orig>icþa</orig>
            <reg>ic þa</reg>
          </choice>
          <choice>
            <orig>nedor<g ref="#slong"/>te</orig>
            <reg>ne dorste</reg>
          </choice><lb facs="#VB_line_105r_12" n="12" xml:id="VB_lb_105r_12"/>ofer
          dr<g ref="#yrgmainstrok"/>htne<g ref="#sins"/> word</l>
        <l n="36">bugan oððe ber<g ref="#slong"/>tan <orig><pc type="metrical">.</pc></orig>þa <choice>
            <orig>icbifian</orig>
            <reg>ic bifian</reg>
          </choice> ge<g ref="#slong"/>eah</l>
        <l n="37"><lb facs="#VB_line_105r_13" n="13" xml:id="VB_lb_105r_13"/>eorðan
          <g ref="#slong"/>ceata<g ref="#sins"/> ealle ic mihte</l>
        <l n="38">feonda<g ref="#sins"/> gefyllan hwæðre<lb facs="#VB_line_105r_14" n="14" xml:id="VB_lb_105r_14"/><choice>
            <orig>icfæste</orig>
            <reg>ic fæste</reg>
          </choice>
          <g ref="#slong"/>tod<orig><pc type="metrical">.</pc></orig></l>
        <l n="39"><hi rend="cap">O</hi>ngyrede hine þa geong hæleð þæt wæ<g ref="#sins"/>
          god<lb facs="#VB_line_105r_15" n="15" xml:id="VB_lb_105r_15"/>ælmihtig</l>
        <l n="40"><g ref="#slong"/>trang <choice>
            <orig><abbr type="brev"><g ref="#et"/></abbr><g ref="#slong"/>tið mod</orig>
            <reg><expan><ex>and</ex></expan> stiðmod</reg>
          </choice><choice>
            <orig><pc type="metrical">.</pc></orig>
            <reg> </reg>
          </choice><choice>
            <orig>ge <g ref="#slong"/>tah</orig>
            <reg>gestah</reg>
          </choice> he <choice>
            <orig>ongealgan</orig>
            <reg>on gealgan</reg>
          </choice> heanne</l>
        <l n="41"><lb facs="#VB_line_105r_16" n="16" xml:id="VB_lb_105r_16"/>modig <choice>
            <orig>onmanigra</orig>
            <reg>on manigra</reg>
          </choice>
          <choice>
            <orig>ge <g ref="#sins"/>yhðe</orig>
            <reg>gesyhðe</reg>
          </choice><orig><pc type="metrical">.</pc></orig> þa he wolde <choice>
            <orig>man cyn</orig>
            <reg>mancyn</reg>
          </choice> ly<g ref="#sins"/>an<orig>
            <pc type="metrical">.</pc></orig></l>
        <l n="42"><lb facs="#VB_line_105r_17" n="17" xml:id="VB_lb_105r_17"/>ifode <choice>
            <orig>icþa</orig>
            <reg>ic þa</reg>
          </choice> me <g ref="#sins"/>e beorn <choice>
            <orig><g ref="#yrgmainstrok"/>mb cl<g ref="#yrgmainstrok"/>pte</orig>
            <reg>ymbclypte</reg>
          </choice><orig>
            <pc type="metrical">.</pc></orig> ne dor<g ref="#slong"/>te ic
          hwæðre<lb facs="#VB_line_105r_18" n="18" xml:id="VB_lb_105r_18"/>bugan to eorðan</l>
        <l n="43">feallan <choice>
            <orig>tofoldan</orig>
            <reg>to foldan</reg>
          </choice>
          <choice>
            <abbr><g ref="#slong"/>ceat<am><g ref="#umacr"/></am></abbr>
            <expan>sceatu<ex>m</ex></expan>
          </choice><orig>
            <pc type="metrical">.</pc></orig>
          <hi rend="double"><g ref="#aenl"/></hi>c <choice>
            <orig>ic<g ref="#slong"/>ceolde</orig>
            <reg>ic sceolde</reg>
          </choice> fæste<lb facs="#VB_line_105r_19" n="19" xml:id="VB_lb_105r_19"/><g ref="#slong"/>tandan<orig><pc
              type="metrical">.</pc></orig></l>
        <l n="44"><hi rend="cap">R</hi>od wæ<g ref="#sins"/>
          <choice>
            <orig>icaræred</orig>
            <reg>ic aræred</reg>
          </choice><orig>
            <pc type="metrical">.</pc></orig>
          <g ref="#aacute"/>hof ic ricne cyning</l>
        <l n="45">heofona<lb facs="#VB_line_105r_20" n="20" xml:id="VB_lb_105r_20"/>hlaford<orig><pc type="metrical"
              >.</pc></orig> hyldan me ne dor<g ref="#slong"/>te<orig>
            <pc type="metrical">.</pc></orig></l>
        <l n="46"><choice>
            <orig>þurh drifan</orig>
            <reg>þurhdrifan</reg>
          </choice>
          <choice>
            <orig>hime</orig>
            <reg>hi me</reg>
          </choice> mid<lb facs="#VB_line_105r_21" n="21" xml:id="VB_lb_105r_21"/>deorcan <choice>
            <abbr>nægl<am><g ref="#umacr"/></am></abbr>
            <expan>næglu<ex>m</ex></expan>
          </choice><orig>
            <pc type="metrical">.</pc></orig> on me <g ref="#sins"/>yndon þa dolg <choice>
            <orig>ge<g ref="#sins"/>iene</orig>
            <reg>gesiene</reg>
          </choice></l>
        <l n="47">opene
            <w><g ref="#inodotenl"/>nwid<lb facs="#VB_line_105r_22" n="22" xml:id="VB_lb_105r_22"/>hlemma<g ref="#sins"/></w><choice>
            <orig><pc type="metrical">.</pc></orig>
            <reg> </reg>
          </choice>ne dor<g ref="#slong"/>te ic hira <choice>
            <abbr>nænig<am><g ref="#umacr"/></am></abbr>
            <expan>nænigu<ex>m</ex></expan>
          </choice>
          <g ref="#sins"/>ceððan</l>
        <l n="48">by<g ref="#sins"/>meredon hie<lb facs="#VB_line_105r_23" n="23" xml:id="VB_lb_105r_23"/>unc butu
          ætgæd<g ref="#eenl"/>re eall ic wæ<g ref="#sins"/> mid blode bestemed</l>
        <l n="49"><orig><pc type="metrical">.</pc></orig>begoten
          of<lb facs="#VB_line_105r_24" n="24" xml:id="VB_lb_105r_24"/>þæ<g ref="#sins"/> guman <g ref="#sins"/>idan<choice>
            <orig><pc type="metrical">.</pc></orig>
            <reg> </reg>
          </choice><g ref="#sins"/><damage type="faded">iðða</damage>n he hæfde hi<g ref="#sins"/> ga<g ref="#slong"/>t
              on<g ref="#sins"/>ended<orig><pc type="metrical">.</pc></orig></l>
        <l n="50">feala<lb facs="#VB_line_105r_25" n="25" xml:id="VB_lb_105r_25"/>ic <choice>
            <orig>onþam</orig>
            <reg>on þam</reg>
          </choice> beorge gebiden hæbbe</l>
        <l n="51">wraðra wyrda<orig>
            <pc type="metrical">.</pc></orig>
          <choice>
            <orig>ge <g ref="#sins"/>eah</orig>
            <reg>geseah</reg>
          </choice> ic weruda<lb facs="#VB_line_105r_26" n="26" xml:id="VB_lb_105r_26"/>god</l>
        <l n="52">þearle þenian þy<g ref="#sins"/>tro hæfdon</l>
        <l n="53"><choice>
            <orig>be wrigen</orig>
            <reg>bewrigen</reg>
          </choice> mid wolcnum<lb facs="#VB_line_105r_27" n="27" xml:id="VB_lb_105r_27"/>wealdende<g ref="#sins"/>
              hræw<orig><pc type="metrical">.</pc></orig></l>
        <l n="54"><g ref="#slong"/>cirne <g ref="#slong"/>ciman <g ref="#slong"/>ceadu <choice>
            <orig>forð eode</orig>
            <reg>forðeode</reg>
          </choice><orig>
            <pc type="metrical">.</pc></orig></l>
        <l n="55">wann<lb facs="#VB_line_105r_28" n="28" xml:id="VB_lb_105r_28"/>under wolcnum weop <choice>
            <orig>ealge <g ref="#sins"/>ceaft</orig>
            <reg>eal gesceaft</reg>
          </choice></l>
        <l n="56">cwiðdon cyninge<g ref="#sins"/>
            fyll<lb facs="#VB_line_105r_29" n="29" xml:id="VB_lb_105r_29"/><name>cri<g ref="#slong"/>t</name> wæ<g ref="#sins"/>
          <choice>
            <orig>onrode</orig>
            <reg>on rode</reg>
          </choice></l>
        <l n="57">hwæðere þær fu<g ref="#sins"/>e feorran cwoman</l>
        <l n="58">to<lb facs="#VB_line_105r_30" n="30" xml:id="VB_lb_105r_30"/>þam æðelinge <choice>
            <orig>icþæt</orig>
            <reg>ic þæt</reg>
          </choice> eall <choice>
            <orig>be heold</orig>
            <reg>beheold</reg>
          </choice><orig><pc type="metrical">.</pc></orig></l>
        <l n="59"><hi rend="cap">S</hi>are ic wæ<g ref="#sins"/> mid <supplied resp="krapp">sorgum</supplied>
          g<g ref="#edotbl"/>drefed<lb facs="#VB_line_105r_31" n="31" xml:id="VB_lb_105r_31"/>hnag ic hwæðre þam <choice>
            <abbr><g ref="#sins"/>ecg<am><g ref="#umacr"/></am></abbr>
            <expan>secgu<ex>m</ex></expan>
          </choice> to handa</l>
        <l n="60"><choice>
            <orig>eað mod</orig>
            <reg>eaðmod</reg>
          </choice> elne m<g ref="#yrgmainstrok"/>cle<lb facs="#VB_line_105r_32" n="32" xml:id="VB_lb_105r_32"/><choice>
            <orig>ge namon</orig>
            <reg>genamon</reg>
          </choice>
          <damage type="faded">hie</damage> þær ælmihtigne <name type="religion"><choice>
              <orig>god</orig>
              <reg>God</reg>
            </choice></name></l>
        <l n="61"><g ref="#aacute"/>hofon hine of ðam

          <!-- #######################################  folio 105v  ####################################### -->
          
          <pb n="105v" xml:id="VB_fol_105v"/>

          <lb facs="#VB_line_105v_01" n="1" xml:id="VB_lb_105v_01"/>hefian wite <damage type="faded">f</damage>orleton
          me þa <choice>
            <orig>hilde rinca<g ref="#sins"/></orig>
            <reg>hilderincas</reg>
          </choice></l>
        <l n="62"><g ref="#slong"/>tandan <g ref="#slong"/>teame<lb facs="#VB_line_105v_02" n="2" xml:id="VB_lb_105v_02"/><choice>
            <orig>be drif<g ref="#eenl"/>nne</orig>
            <reg>bedrifenne</reg>
          </choice> eall ic wæ<g ref="#sins"/> mid <g ref="#slong"/>trælum <choice>
            <orig>for wundod</orig>
            <reg>forwundod</reg>
          </choice></l>
        <l n="63"><hi rend="double"><g ref="#aenl"/></hi>ledon
          hie<lb facs="#VB_line_105v_03" n="3" xml:id="VB_lb_105v_03"/>ðær <choice>
            <orig>lim werigne</orig>
            <reg>limwerigne</reg>
          </choice>
          <choice>
            <orig>ge stodon</orig>
            <reg>gestodon</reg>
          </choice> him æ<damage type="faded">t</damage> hi<g ref="#sins"/> lice<g ref="#sins"/>
          <choice>
            <abbr>heafd<am><g ref="#umacr"/></am></abbr>
            <expan>heafdu<ex>m</ex></expan>
          </choice></l>
        <l n="64"><choice>
            <orig>be heoldon</orig>
            <reg>beheoldon</reg>
          </choice> hie<lb facs="#VB_line_105v_04" n="4" xml:id="VB_lb_105v_04"/>ðær heofene<g ref="#sins"/>
          dr<g ref="#yrgmainstrok"/>hten <choice>
            <orig><abbr type="brev"><g ref="#et"/></abbr>he</orig>
            <reg><expan><ex>and</ex></expan> he</reg>
          </choice> hine ðær hwile reste</l>
        <l n="65">m<damage type="smudge">e</damage>ðe æfter<lb facs="#VB_line_105v_05" n="5" xml:id="VB_lb_105v_05"/>ðam
          miclan gewinne , <hi rend="cap">O</hi>ngunnon him þa mold<subst>
            <del rend="exp">æ</del>
            <add>e</add>
          </subst>rn wyrcan</l>
        <l n="66"><lb facs="#VB_line_105v_06" n="6" xml:id="VB_lb_105v_06"/>beorna<g ref="#sins"/> on banan
          ge<g ref="#sins"/>yhðe curfon hie ðæt <choice>
            <orig>ofbeorhtan</orig>
            <reg>of beorhtan</reg>
          </choice>
          <g ref="#slong"/>tane</l>
        <l n="67"><lb facs="#VB_line_105v_07" n="7" xml:id="VB_lb_105v_07"/>ge<g ref="#slong"/>etton hie ðær on sigora
          wealdend ongunnon him þa
            <w><g ref="#sins"/>orh<lb facs="#VB_line_105v_08" n="8" xml:id="VB_lb_105v_08"/>leoð</w> galan</l>
        <l n="68">earme <choice>
            <orig>onþa</orig>
            <reg>on þa</reg>
          </choice>
          <choice>
            <orig>æfen tide</orig>
            <reg>æfentide</reg>
          </choice> þa hie woldon eft <g ref="#sins"/>iðian</l>
        <l n="69"><lb facs="#VB_line_105v_09" n="9" xml:id="VB_lb_105v_09"/>meðe fram þam mæran þeodne reste he ðær mæte
          weorode</l>
        <l n="70"><lb facs="#VB_line_105v_10" n="10" xml:id="VB_lb_105v_10"/>hwæðere <choice>
            <orig>weðær</orig>
            <reg>we ðær</reg>
          </choice>
          <choice>
            <sic>reotende</sic>
            <corr resp="krapp">greotende</corr>
          </choice> gode hwile<orig>
            <pc type="metrical">.</pc></orig></l>
        <l n="71"><g ref="#slong"/>todon on <g ref="#slong"/>taðole
            <g ref="#sins"/>yððan<lb facs="#VB_line_105v_11" n="11" xml:id="VB_lb_105v_11"/><supplied resp="krapp"
            >stefn</supplied>
          <choice>
            <orig>upge wat</orig>
            <reg>up ge wat</reg>
          </choice></l>
        <l n="72">hilderinca<orig>
            <pc type="metrical">.</pc></orig> hræw colode</l>
        <l n="73">fæger <choice>
            <orig>feorg bold</orig>
            <reg>feorgbold</reg>
          </choice> þa u<g ref="#sins"/><lb facs="#VB_line_105v_12" n="12" xml:id="VB_lb_105v_12"/>man fyllan ongan<orig>
            <pc type="metrical">.</pc></orig></l>
        <l n="74">ealle to eorðan þæt wæ<g ref="#sins"/> eg<g ref="#eenl"/><g ref="#sins"/>lic wyrd</l>
        <l n="75"><lb facs="#VB_line_105v_13" n="13" xml:id="VB_lb_105v_13"/><choice>
            <orig>be dealf</orig>
            <reg>bedealf</reg>
          </choice> u<g ref="#sins"/> man <choice>
            <orig>ondeopan</orig>
            <reg>on deopan</reg>
          </choice>
          <g ref="#sins"/>eaþe hwæðre me þær
          dr<g ref="#yrgmainstrok"/>htne<g ref="#sins"/><lb facs="#VB_line_105v_14" n="14" xml:id="VB_lb_105v_14"/>þegna<g ref="#sins"/></l>
        <l n="76">freonda<g ref="#sins"/> gefrunon<!--<corr>freondas gefruno</corr>--></l>
        <l n="77"><supplied resp="krapp">ond</supplied> gyredon me golde <choice>
            <orig><abbr type="brev"><g ref="#et"/></abbr><g ref="#sins"/>eolfre</orig>
            <reg><expan><ex>and</ex></expan> seolfre</reg>
          </choice><choice>
            <orig><pc>,</pc></orig>
            <reg><pc>.</pc></reg>
          </choice></l>
        <l n="78"><lb facs="#VB_line_105v_15" n="15" xml:id="VB_lb_105v_15"/><choice>
            <orig>Nuðu</orig>
            <reg>Nu ðu</reg>
          </choice> miht <choice>
            <orig>ge hyran</orig>
            <reg>gehyran</reg>
          </choice> hæleð min <g ref="#sins"/>e leofa</l>
        <l n="79">þæt ic bealuwara<lb facs="#VB_line_105v_16" n="16" xml:id="VB_lb_105v_16"/>weorc <choice>
            <orig>ge biden</orig>
            <reg>gebiden</reg>
          </choice> hæbbe</l>
        <l n="80">sarra <g ref="#sins"/>orga i<g ref="#sins"/> nu <g ref="#sins"/>æl cum<g ref="#eenl"/>n</l>
        <l n="81">þæt me<lb facs="#VB_line_105v_17" n="17" xml:id="VB_lb_105v_17"/>weorðiað wide <choice>
            <orig><abbr type="brev"><g ref="#et"/></abbr><g ref="#sins"/>ide</orig>
            <reg><expan><ex>and</ex></expan> side</reg>
          </choice></l>
        <l n="82">menn ofer moldan <choice>
            <orig><abbr type="brev"><g ref="#et"/></abbr>eall</orig>
            <reg><expan><ex>and</ex></expan> eall</reg>
          </choice> þeo<g ref="#sins"/> mære<lb facs="#VB_line_105v_18" n="18" xml:id="VB_lb_105v_18"/>ge<g ref="#slong"/>ceaft<orig>
            <pc type="metrical">.</pc></orig></l>
        <l n="83"><choice>
            <orig>ge biddaþ</orig>
            <reg>gebiddaþ</reg>
          </choice> him <choice>
            <orig>toþy<g ref="#sins"/><g ref="#sins"/><am><g ref="#umacr"/></am></orig>
            <reg>toþyssu<ex>m</ex></reg>
          </choice> beacne on me <choice>
            <orig>bearngode<g ref="#sins"/></orig>
            <reg>bearn godes</reg>
          </choice></l>
        <l n="84"><lb facs="#VB_line_105v_19" n="19" xml:id="VB_lb_105v_19"/>þrowode hwile forþan ic <choice>
            <orig>þr<g ref="#yrgmainstrok"/>m fæst</orig>
            <reg>þrymfæst</reg>
          </choice> nu<orig><pc type="metrical">.</pc></orig></l>
        <l n="85">hlifige under<lb facs="#VB_line_105v_20" n="20" xml:id="VB_lb_105v_20"/><choice>
            <abbr>heofen<am><g ref="#umacr"/></am></abbr>
            <expan>heofenu<ex>m</ex></expan>
          </choice><orig><pc type="metrical">.</pc></orig>
          <choice>
            <orig><abbr type="brev"><g ref="#et"/></abbr>ic</orig>
            <reg><expan><ex>and</ex></expan> ic</reg>
          </choice> hælan mæg<orig>
            <pc type="metrical">.</pc></orig></l>
        <l n="86"><choice>
            <orig>æg hw<g ref="#yrgmainstrok"/>lcne</orig>
            <reg>æghwylcne</reg>
          </choice> anra þara þe <choice>
            <orig>himbið</orig>
            <reg>him bið</reg>
          </choice><lb facs="#VB_line_105v_21" n="21" xml:id="VB_lb_105v_21"/>eg<g ref="#eenl"/><g ref="#sins"/>a <choice>
            <orig>tome</orig>
            <reg>to me</reg>
          </choice></l>
        <l n="87">iu <choice>
            <orig>icwæ<g ref="#sins"/></orig>
            <reg>icwæs</reg>
          </choice> geworden wita heardo<g ref="#slong"/>t<orig>
            <pc type="metrical">.</pc></orig></l>
        <l n="88">leodum <w>la<lb facs="#VB_line_105v_22" n="22" xml:id="VB_lb_105v_22"/>ðo<g ref="#sins"/>t</w> ærþan <choice>
            <orig>ichim</orig>
            <reg>ic him</reg>
          </choice> lif<g ref="#eenl"/><g ref="#sins"/> weg</l>
        <l n="89">rihtne ger<g ref="#yrgmainstrok"/>mde <choice>
            <orig><w>reord
                be<lb facs="#VB_line_105v_23" n="23" xml:id="VB_lb_105v_23_orig"/>rend<am><g ref="#umacr"/></am></w></orig>
            <reg><w>reordbe<lb facs="#VB_line_105v_23" n="23" xml:id="VB_lb_105v_23_reg"/>rendu<ex>m</ex></w></reg>
          </choice></l>
        <l n="90">hwæt me <choice>
            <orig>þageweorðode</orig>
            <reg>þa geweorðode</reg>
          </choice> wuldre<g ref="#sins"/> ealdor</l>
        <l n="91"><choice>
            <orig>ofer<w>holm<lb facs="#VB_line_105v_24" n="24" xml:id="VB_lb_105v_24_orig"/>wudu</w></orig>
            <reg>ofer <w>holm<lb facs="#VB_line_105v_24" n="24" xml:id="VB_lb_105v_24_reg"/>wudu</w></reg>
          </choice>
          <choice>
            <orig>heofon rice<g ref="#sins"/></orig>
            <reg>heofon rices</reg>
          </choice> weard,</l>
        <l n="92"><g ref="#slong"/>wylce <choice>
            <orig><g ref="#slong"/>wahe</orig>
            <reg>swa he</reg>
          </choice> hi<g ref="#sins"/> modor eac<lb facs="#VB_line_105v_25" n="25" xml:id="VB_lb_105v_25"/>marian
          <g ref="#sins"/>ylfe</l>
        <l n="93">ælmihtig <name type="religion"><choice>
              <orig>god</orig>
              <reg>God</reg>
            </choice></name> <pc>.</pc> for ealle menn</l>
        <l n="94">geweorðode<lb facs="#VB_line_105v_26" n="26" xml:id="VB_lb_105v_26"/>ofer eall wifa cynn<orig><pc
              type="metrical">.</pc></orig></l>
        <l n="95">Nu <choice>
            <orig>icþe</orig>
            <reg>ic þe</reg>
          </choice> hate hæleð<choice>
            <sic resp="vbd"><pc>.</pc></sic>
            <corr> </corr>
          </choice>min <choice>
            <orig>seleofa</orig>
            <reg>se leofa</reg>
          </choice><orig><pc type="metrical">.</pc></orig></l>
        <l n="96"><lb facs="#VB_line_105v_27" n="27" xml:id="VB_lb_105v_27"/>þæt ðu þa<g ref="#sins"/>
          <choice>
            <orig>ge <g ref="#slong"/>yhðe</orig>
            <reg>gesyhðe</reg>
          </choice>
          <g ref="#sins"/>ecge <choice>
            <abbr>mann<am><g ref="#umacr"/></am></abbr>
            <expan>mannu<ex>m</ex></expan>
          </choice></l>
        <l n="97">onwreoh <choice>
            <abbr>word<am><g ref="#umacr"/></am></abbr>
            <expan>wordu<ex>m</ex></expan>
          </choice> þæt hi<damage type="smudge">t</damage>
          i<g ref="#sins"/><lb facs="#VB_line_105v_28" n="28" xml:id="VB_lb_105v_28"/>wuldre<g ref="#sins"/> beam</l>
        <l n="98"><choice>
            <orig><g ref="#sins"/>eðe</orig>
            <reg>se ðe</reg>
          </choice> ælmihtig <name type="religion"><choice>
              <orig>god</orig>
              <reg>God</reg>
            </choice></name>
          <choice>
            <orig>onþrowode</orig>
            <reg>on þrowode</reg>
          </choice><pc>.</pc></l>
        <l n="99">
          <choice>
            <orig>for<w>man<lb facs="#VB_line_105v_29" n="29" xml:id="VB_lb_105v_29_orig"/>cynn<g ref="#eenl"/><g ref="#sins"/></w></orig>
            <reg>for <w>man<lb facs="#VB_line_105v_29" n="29" xml:id="VB_lb_105v_29_reg"/>cynnes</w></reg>
          </choice>
          <choice>
            <abbr>maneg<am><g ref="#umacr"/></am></abbr>
            <expan>manegu<ex>m</ex></expan>
          </choice>
          <choice>
            <abbr><g ref="#sins"/>ynn<am><g ref="#umacr"/></am></abbr>
            <expan>synnu<ex>m</ex></expan>
          </choice> <pc>.</pc></l>
        <l n="100"><choice>
            <orig><abbr type="brev"><g ref="#et"/></abbr></orig>
            <reg><expan><ex>and</ex></expan>
            </reg>
          </choice><name type="person"><choice>
              <orig>adome<g ref="#sins"/></orig>
              <reg>Adames</reg>
            </choice></name>
          <choice>
            <orig>ealdge wyrht<am><g ref="#umacr"/></am></orig>
            <reg>ealdgewyrhtu<ex>m</ex></reg>
          </choice></l>
        <l n="101">deað he<lb facs="#VB_line_105v_30" n="30" xml:id="VB_lb_105v_30"/>þær byrigde hwæðere eft
          dr<g ref="#yrgmainstrok"/>ht<g ref="#eenl"/>n ara<g ref="#sins"/></l>
        <l n="102">mid hi<g ref="#sins"/> miclan<lb facs="#VB_line_105v_31" n="31" xml:id="VB_lb_105v_31"/>mihte <choice>
            <abbr>mann<am><g ref="#umacr"/></am></abbr>
            <expan>mannu<ex>m</ex></expan>
          </choice>
          <choice>
            <orig>tohelpe</orig>
            <reg>to helpe</reg>
          </choice></l>
        <l n="103"><choice>
            <orig>heða</orig>
            <reg>he ða</reg>
          </choice> on heofena<g ref="#sins"/> a<g ref="#slong"/>tag <pc>.</pc>
          hider<lb facs="#VB_line_105v_32" n="32" xml:id="VB_lb_105v_32"/>eft fundaþ</l>
        <l n="104"><choice>
            <orig>onþy<g ref="#sins"/>ne</orig>
            <reg>on þy</reg>
          </choice>
          <choice>
            <orig>middan geard</orig>
            <reg>middangeard</reg>
          </choice>
          <choice>
            <orig>man cynn</orig>
            <reg>mancynn</reg>
          </choice>
          <g ref="#sins"/>ecan</l>
        <l n="105">on

          <!-- #######################################  folio 106r  ####################################### -->
          
          <pb n="106r" xml:id="VB_fol_106r"/>

          <add>
            <fw place="top-right" type="fol"><add hand="unknown">106.</add></fw>
          </add>

          <lb facs="#VB_line_106r_01" n="1" xml:id="VB_lb_106r_01"/><choice>
            <orig>dom dæge</orig>
            <reg>domdæge</reg>
          </choice> dr<g ref="#yrgmainstrok"/>hten <g ref="#sins"/><g ref="#yrgmainstrok"/>lfa</l>
        <l n="106">ælmihtig <name type="religion"><choice>
              <orig>god</orig>
              <reg>God</reg>
            </choice></name>
          <choice>
            <orig><abbr type="brev"><g ref="#et"/></abbr>hi<g ref="#sins"/></orig>
            <reg><expan><ex>and</ex></expan> his</reg>
          </choice> en<damage>gl</damage>a<g ref="#sins"/> mid<orig>
            <pc type="metrical">.</pc></orig></l>
        <l n="107">þæt he<lb facs="#VB_line_106r_02" n="2" xml:id="VB_lb_106r_02"/>þonne wile deman <g ref="#sins"/>e ah
          dome<g ref="#sins"/> geweald</l>
        <l n="108">anra <choice>
            <orig>ge hwylc<am><g ref="#umacr"/></am></orig>
            <reg>gehwylcu<ex>m</ex></reg>
          </choice>
          <g ref="#slong"/>wa he<lb facs="#VB_line_106r_03" n="3" xml:id="VB_lb_106r_03"/>him ærur her</l>
        <l n="109"><choice>
            <orig>onþy<g ref="#sins"/><g ref="#sins"/>um</orig>
            <reg>on þyssum</reg>
          </choice> lænum life <choice>
            <orig>ge earnaþ</orig>
            <reg>geearnaþ</reg>
          </choice><orig>
            <pc type="metrical">.</pc></orig></l>
        <l n="110">ne mæg þær<lb facs="#VB_line_106r_04" n="4" xml:id="VB_lb_106r_04"/>ænig unforht we<g ref="#sins"/>an<orig>
            <pc type="metrical">.</pc></orig></l>
        <l n="111"><choice>
            <orig>forþam</orig>
            <reg>for þam</reg>
          </choice> worde<orig>
            <pc type="metrical">.</pc></orig> þe <g ref="#sins"/>e <name>wealdend</name> cwyð<orig><pc type="metrical"
              >.</pc></orig></l>
        <l n="112"><w>fri<lb facs="#VB_line_106r_05" n="5" xml:id="VB_lb_106r_05"/>neð</w> he <choice>
            <orig>forþære</orig>
            <reg>for þære</reg>
          </choice> mæni<damage>g</damage>e hwær <g ref="#sins"/>e man <g ref="#sins"/>ie</l>
        <l n="113"><choice>
            <orig><g ref="#sins"/>eðe</orig>
            <reg>se ðe</reg>
          </choice> for <choice>
            <orig><w>dr<g ref="#yrgmainstrok"/>
                ht<lb facs="#VB_line_106r_06" n="6" xml:id="VB_lb_106r_06_orig"/>ne<g ref="#sins"/></w></orig>
            <reg><w>dryht<lb facs="#VB_line_106r_06" n="6" xml:id="VB_lb_106r_06_reg"/>nes</w></reg>
          </choice> naman deaðe<g ref="#sins"/>
          <gap extent="3char" reason="rasure"/> <choice>
            <orig>wo<add place="sub">,</add><add place="sup">l</add>de</orig>
            <reg>wo<add place="sup">l</add>de</reg>
          </choice></l>
        <l n="114">bitere<g ref="#sins"/> onbyrigan <g ref="#slong"/>wa he ær
          on<lb facs="#VB_line_106r_07" n="7" xml:id="VB_lb_106r_07"/>ðam beame dyde<orig>
            <pc type="metrical">.</pc></orig></l>
        <l n="115"><hi rend="double"><g ref="#aenl"/></hi>c hie þonne forhtiað<orig>
            <pc type="metrical">.</pc></orig>
          <abbr type="brev"><g ref="#et"/></abbr>
          <!-- check this et --> fea þencaþ</l>
        <l n="116">hwæt <choice>
            <orig>hieto</orig>
            <reg>hie to</reg>
          </choice><lb facs="#VB_line_106r_08" n="8" xml:id="VB_lb_106r_08"/><name type="religion"><choice>
              <orig>cri<g ref="#slong"/>te</orig>
              <reg>Criste</reg>
            </choice></name> cweðan onginnen<orig>
            <pc type="metrical">.</pc></orig></l>
        <l n="117"><choice>
            <orig><hi rend="cap">N</hi>eþearf</orig>
            <reg>Ne þearf</reg>
          </choice> ðær þonne ænig
          unforht<lb facs="#VB_line_106r_09" n="9" xml:id="VB_lb_106r_09"/>we<g ref="#sins"/>an</l>
        <l n="118">þe him ær <choice>
            <orig>inbreo<g ref="#sins"/>t<am><g ref="#umacr"/></am></orig>
            <reg>in breostu<ex>m</ex></reg>
          </choice> bereð beacna <g ref="#sins"/>elest<orig>
            <pc type="metrical">.</pc></orig></l>
        <l n="119"><choice>
            <orig><hi rend="cap">A</hi>cðurh</orig>
            <reg>Ac ðurh</reg>
          </choice><lb facs="#VB_line_106r_10" n="10" xml:id="VB_lb_106r_10"/>ða rode <g ref="#slong"/>ceal rice
          ge<g ref="#sins"/>ecan</l>
        <l n="120">of <choice>
            <orig>eorð wege</orig>
            <reg>eorðwege</reg>
          </choice>
          <choice>
            <orig>æg hwylc</orig>
            <reg>æghwylc</reg>
          </choice> sawl</l>
        <l n="121"><g ref="#sins"/>eo þe<lb facs="#VB_line_106r_11" n="11" xml:id="VB_lb_106r_11"/>mid wealdende wunian
          þ<g ref="#eenl"/>nceð</l>
        <l n="122"><choice>
            <orig>ge bæd</orig>
            <reg>gebæd</reg>
          </choice> ic me þa <choice>
            <orig>toþan</orig>
            <reg>to þan</reg>
          </choice> beame<lb facs="#VB_line_106r_12" n="12" xml:id="VB_lb_106r_12"/>bliðe<choice>
            <sic><g ref="#middot"/></sic>
            <corr resp="vbd"> </corr>
          </choice>mode</l>
        <l n="123">elne mycle <choice>
            <orig>þæric</orig>
            <reg>þær ic</reg>
          </choice> ana wæ<g ref="#sins"/></l>
        <l n="124">mæte w<g ref="#eenl"/>rede wæ<g ref="#sins"/><lb facs="#VB_line_106r_13" n="13" xml:id="VB_lb_106r_13"/><choice>
            <orig>mod <g ref="#sins"/>efa</orig>
            <reg>modsefa</reg>
          </choice></l>
        <l n="125">afy<g ref="#sins"/>ed <choice>
            <orig>onforð wege</orig>
            <reg>on forðwege</reg>
          </choice> feala ealra <choice>
            <orig>ge bad</orig>
            <reg>gebad</reg>
          </choice></l>
        <l n="126"><w>langung<lb facs="#VB_line_106r_14" n="14" xml:id="VB_lb_106r_14"/>hwila</w> i<g ref="#sins"/> me
          nu life<g ref="#sins"/> hyht</l>
        <l n="127"><choice>
            <orig>þæt<add place="sub">,</add><add place="sup">ic</add>þone</orig>
            <reg>þæt <add place="sup">ic</add> þone</reg>
          </choice>
          <choice>
            <orig><g ref="#sins"/>ige beam</orig>
            <reg>sigebeam</reg>
          </choice>
          <g ref="#sins"/>ecan mote</l>
        <l n="128"><lb facs="#VB_line_106r_15" n="15" xml:id="VB_lb_106r_15"/>ana oftor þonne ealle men</l>
        <l n="129">well weo<damage type="faded">r</damage>þian me i<g ref="#sins"/> willa <choice>
            <orig>toðam</orig>
            <reg>to ðam</reg>
          </choice></l>
        <l n="130"><lb facs="#VB_line_106r_16" n="16" xml:id="VB_lb_106r_16"/>mycel <choice>
            <orig>onmode</orig>
            <reg>on mode</reg>
          </choice>
          <choice>
            <orig><abbr type="brev"><g ref="#et"/></abbr>min</orig>
            <reg><expan><ex>and</ex></expan> min</reg>
          </choice>
          <choice>
            <orig>mundbyrd</orig>
            <reg>mund byrd</reg>
          </choice> i<g ref="#sins"/></l>
        <l n="131">g<damage type="faded">e</damage>riht <choice>
            <orig>toþære</orig>
            <reg>to þære</reg>
          </choice> rode <orig><pc type="metrical"
            >.</pc></orig><lb facs="#VB_line_106r_17" n="17" xml:id="VB_lb_106r_17"/><hi rend="cap">N</hi>ah ic ricra
          feala</l>
        <l n="132">freonda <choice>
            <orig>onfoldan</orig>
            <reg>on foldan</reg>
          </choice><del rend="erasure">on</del>
          <choice>
            <orig><hi rend="double"><g ref="#aenl"/></hi>chie</orig>
            <reg>ac hie</reg>
          </choice> forð heonon</l>
        <l n="133"><lb facs="#VB_line_106r_18" n="18" xml:id="VB_lb_106r_18"/>gewiton of worulde dreamum
          <g ref="#sins"/>ohton him wuldre<g ref="#sins"/> cyning</l>
        <l n="134"><lb facs="#VB_line_106r_19" n="19" xml:id="VB_lb_106r_19"/>lifiaþ nu <choice>
            <orig>onheofen<am><g ref="#umacr"/></am></orig>
            <reg>on heofenu<ex>m</ex></reg>
          </choice> mid <choice>
            <orig>heah fædere</orig>
            <reg>heahfædere</reg>
          </choice></l>
        <l n="135">wuniaþ <choice>
            <orig>onwuldre</orig>
            <reg>on wuldre</reg>
          </choice>
          <choice>
            <orig><abbr type="brev"><g ref="#et"/></abbr>icw<g ref="#eenl"/>ne</orig>
            <reg><expan><ex>and</ex></expan> ic wene</reg>
          </choice><lb facs="#VB_line_106r_20" n="20" xml:id="VB_lb_106r_20"/>me</l>
        <l n="136">daga <choice>
            <orig>ge hwylce</orig>
            <reg>gehwylce</reg>
          </choice> hwænne me dr<g ref="#yrgmainstrok"/>htnes ród</l>
        <l n="137">þe <choice>
            <orig>icher</orig>
            <reg>ic her</reg>
          </choice>
          <choice>
            <orig>on<w>eor<lb facs="#VB_line_106r_21" n="21" xml:id="VB_lb_106r_21_orig"/>ðan</w></orig>
            <reg>on <w>eor<lb facs="#VB_line_106r_21" n="21" xml:id="VB_lb_106r_21_reg"/>ðan</w></reg>
          </choice> ær <g ref="#slong"/>ceawode</l>
        <l n="138"><choice>
            <orig>onþy<g ref="#sins"/><g ref="#sins"/>on</orig>
            <!-- correggere þysson? -->
            <reg>on þysson</reg>
          </choice> lænan life <choice>
            <orig>ge fetige</orig>
            <reg>gefetige</reg>
          </choice></l>
        <l n="139"><choice>
            <orig><abbr type="brev"><g ref="#et"/></abbr>me</orig>
            <reg><expan><ex>and</ex></expan> me</reg>
          </choice>
          <choice>
            <abbr type="brev">þ<am><g ref="#omacr"/></am>n</abbr>
            <expan>þon<ex>ne</ex></expan>
          </choice> g<damage type="smudge"
          >e</damage>brin<g ref="#ginsmacr"/><lb facs="#VB_line_106r_22" n="22" xml:id="VB_lb_106r_22"/>þær
          i<g ref="#sins"/> bli<g ref="#sins"/> m<g ref="#yrgmainstrok"/>cel</l>
        <l n="140">dream on <choice>
            <abbr>heofon<am><g ref="#umacr"/></am></abbr>
            <expan>heofonu<ex>m</ex></expan>
          </choice> þær i<g ref="#sins"/> dr<g ref="#yrgmainstrok"/>htne<g ref="#sins"/> folc</l>
        <l n="141"><w>ge<lb facs="#VB_line_106r_23" n="23" xml:id="VB_lb_106r_23"/><g ref="#sins"/>eted</w> to
          <g ref="#sins"/><g ref="#yrgmainstrok"/>mle þær i<g ref="#sins"/>
          <g ref="#sins"/>ingal bli<g ref="#sins"/></l>
        <l n="142"><choice>
            <sic><abbr type="brev"><g ref="#et"/></abbr>he</sic>
            <corr resp="krapp">ond me</corr>
          </choice>
          <choice>
            <abbr type="brev">þ<am><g ref="#omacr"/></am>n</abbr>
            <expan>þon<ex>ne</ex></expan>
          </choice> a<g ref="#sins"/>ette þær
          ic<lb facs="#VB_line_106r_24" n="24" xml:id="VB_lb_106r_24"/><g ref="#sins"/>yþþan mot</l>
        <l n="143">wunian <choice>
            <orig>onwuldre</orig>
            <reg>on wuldre</reg>
          </choice> well <choice>
            <orig>midþam</orig>
            <reg>mid þam</reg>
          </choice>
          <choice>
            <abbr>halg<am><g ref="#umacr"/></am></abbr>
            <expan>halgu<ex>m</ex></expan>
          </choice></l>
        <l n="144">dreame<g ref="#sins"/><lb facs="#VB_line_106r_25" n="25" xml:id="VB_lb_106r_25"/>brucan <choice>
            <orig><g ref="#sins"/>ime</orig>
            <reg>si me</reg>
          </choice> dr<g ref="#yrgmainstrok"/>hten fr<g ref="#eenl"/>ond</l>
        <l n="145"><choice>
            <orig><g ref="#sins"/>eðe</orig>
            <reg>se ðe</reg>
          </choice> h<g ref="#eenl"/>er on eorþan <choice>
            <orig>ærþrowode</orig>
            <reg>ær þrowode</reg>
          </choice></l>
        <l n="146"><lb facs="#VB_line_106r_26" n="26" xml:id="VB_lb_106r_26"/><choice>
            <orig>onþ<am><g ref="#amacr"/></am></orig>
            <reg>onþa<ex>m</ex></reg>
          </choice>
          <choice>
            <orig>gealg treowe</orig>
            <reg>gealgtreowe</reg>
          </choice>
          <choice>
            <orig>forguman</orig>
            <reg>for guman</reg>
          </choice>
          <choice>
            <abbr><g ref="#sins"/>ynn<am><g ref="#umacr"/></am></abbr>
            <expan>synnu<ex>m</ex></expan>
          </choice></l>
        <l n="147">he u<g ref="#sins"/> only<g ref="#sins"/>de <choice>
            <orig><abbr type="brev"><g ref="#et"/></abbr>u<g ref="#sins"/></orig>
            <reg><expan><ex>and</ex></expan> us</reg>
          </choice> lif<lb facs="#VB_line_106r_27" n="27" xml:id="VB_lb_106r_27"/><choice>
            <orig>for geaf</orig>
            <reg>forgeaf</reg>
          </choice></l>
        <l n="148">heofonlicne ham hiht wæ<g ref="#sins"/>
          <choice>
            <orig>ge niwad</orig>
            <reg>geniwad</reg>
          </choice></l>
        <l n="149">mid <choice>
            <abbr>bled<am><g ref="#umacr"/></am></abbr>
            <expan>bledu<ex>m</ex></expan>
          </choice>
          <choice>
            <orig><abbr type="brev"><g ref="#et"/></abbr>midbli<g ref="#sins"/><g ref="#sins"/>e</orig>
            <reg><expan><ex>and</ex></expan> mid blisse</reg>
          </choice><lb facs="#VB_line_106r_28" n="28" xml:id="VB_lb_106r_28"/>þ<g ref="#amacr"/> þe þær bryne þol<damage
            type="faded">od</damage>an<orig><pc type="metrical">.</pc></orig></l>
        <l n="150"><choice>
            <orig><g ref="#sins"/>e<damage type="faded"><g ref="#sins"/></damage>unu</orig>
            <reg>se <rs type="Christ">Sunu</rs></reg>
          </choice> wæ<g ref="#sins"/>
          <choice>
            <orig><g ref="#sins"/>igor fæst</orig>
            <reg>sigorfæst</reg>
          </choice> on þ<g ref="#amacr"/>
          <w><g ref="#sins"/>ið<lb facs="#VB_line_106r_29" n="29" xml:id="VB_lb_106r_29"/>fate</w></l>
        <l n="151">mihtig <choice>
            <orig><abbr type="brev"><g ref="#et"/></abbr><g ref="#slong"/>pedig</orig>
            <reg><expan><ex>and</ex></expan> spedig</reg>
          </choice><choice>
            <orig><pc type="metrical">.</pc></orig>
            <reg> </reg>
          </choice>þa he mid manigeo com</l>
        <l n="152">ga<g ref="#slong"/>ta weorode<lb facs="#VB_line_106r_30" n="30" xml:id="VB_lb_106r_30"/><del
            rend="rasure">o</del><choice>
            <orig>ongode<g ref="#sins"/></orig>
            <reg>on godes</reg>
          </choice> rice</l>
        <l n="153">anwealda ælmihtig <choice>
            <abbr>engl<am><g ref="#umacr"/></am></abbr>
            <expan>englu<ex>m</ex></expan>
          </choice>
          <choice>
            <orig>tobli<g ref="#sins"/><g ref="#sins"/>e</orig>
            <reg>to blisse</reg>
          </choice><pc>.</pc></l>
        <l n="154"><choice>
            <orig><abbr type="brev"><g ref="#et"/></abbr>eall<am><g ref="#umacr"/></am></orig>
            <reg><expan><ex>and</ex></expan> eallu<ex>m</ex></reg>
          </choice><lb facs="#VB_line_106r_31" n="31" xml:id="VB_lb_106r_31"/>ðam <choice>
            <abbr>halg<am><g ref="#umacr"/></am></abbr>
            <expan>halgu<ex>m</ex></expan>
          </choice>
          <choice>
            <orig>þamþe</orig>
            <reg>þam þe</reg>
          </choice>
          <choice>
            <orig>onheofon<am><g ref="#umacr"/></am></orig>
            <reg>on heofonu<ex>m</ex></reg>
          </choice> ær</l>
        <l n="155">wunedon <choice>
            <orig>onwuldre</orig>
            <reg>on wuldre</reg>
          </choice> þa heora<lb facs="#VB_line_106r_32" n="32" xml:id="VB_lb_106r_32"/>weald<g ref="#eenl"/>nd cwom</l>
        <l n="156">ælmihtig <name type="religion"><choice>
              <orig>god</orig>
              <reg>God</reg>
            </choice></name> þær hi<g ref="#sins"/> eðel wæ<g ref="#sins"/>
          <g ref="#colmidcomposit"/></l>

      </div>

    </body>
    <back>
      <div type="hotspot">
        <div facs="VB_hs_106r_01" xml:id="VB_div_hs_106r_01">
          <p>The scribe here wrote a word, 'þrowode', that he later corrected in 'wolde' by erasing the first three
          letters and adding an 'l'. In this image you can see the contours of the erased letters.</p>
          <figure>
            <graphic url="VB_106r_HS_01.jpg"/>
          </figure>
        </div>
      </div>
    </back>
  </text>

</TEI>
