<?xml version="1.0" encoding="UTF-8"?>
<?xml-stylesheet type="text/xsl" href="392(CCCCXXXI).xsl"?>
<TEI xmlns="http://www.tei-c.org/ns/1.0">
    <teiHeader>
        <fileDesc>
            <titleStmt>
                <title/>
            </titleStmt>
            <publicationStmt>
                <publisher/>
            </publicationStmt>
            <sourceDesc>
                <msDesc>
                    <msIdentifier/>
                </msDesc>
            </sourceDesc>
        </fileDesc>
    </teiHeader>
    <text xml:id="CCCCXXXI_392">
        <front xml:id="CCCCXXXI_front">
            <titlePart type="numerazioneNuova">392</titlePart>
            <titlePart type="numerazioneOrig">CCCCXXXI</titlePart>
            <docDate xml:id="CCCCXXXI_docDate">
                <date when="1235-06-03">1235 giugno 3</date>, <placeName>Sarzanello <emph>(<term
                    xml:lang="latin">in curia episcopi de castro
                    Sarzane</term>)</emph></placeName>
            </docDate>
            <div type="regesto" xml:id="CCCCXXXI_regesto">
                <p>Il vescovo di Luni Guglielmo concede a Bernardino figlio naturale <term xml:lang="latin">del fu Americo 
                    di Giovagallo</term>, 
                    a titolo di dote per Melodia, figlia di Benedetto di Montebello e di sua moglie Gibertina, 
                    tutto il podere che i coniugi Benedetto e Gibertina avevano in Montebello. 
                    Bernardino è tenuto a risiedere nel podere alle medesime condizioni. 
                    La transazione costa 40 soldi di imperiali.<term xml:lang="latin"/> </p>
            </div>
            <div type="footer" xml:id="CCCCXXXI_footer">
                
                <div type="orig_doc">
                    <p>Copia [C] c. 338v., c. CCCXXXv. secondo la numerazione
                        originale.</p>
                </div>
                
                <div type="biblio">
                    <p>Edizione parziale in <ref target="#LUPO_GENTILE_1912">LUPO GENTILE
                        1912</ref>, n. 431, pp. 426-427.</p>
                </div>
                
                <div type="crit_notes">
                    <note>Il documento contiene formule ceterate.
                        <p> Nel margine esterno, di mano moderna:<emph>Montebello</emph> 
                            </p></note>
                </div>
                <div type="appr">
                    <p/>
                </div>
            </div>
        </front>
        
        <body>
            <div xml:id="CCCCXXXI_div">
                <p xml:id="CCCCXXXI_p_001" n="1">In Dei nomine, amen.<date when="1235-06-03"> M°CCXXXV, indictione VIII,
                    die dominico,III mensis intrantis iunii</date>, in curia domini episcopi de <placeName ref="#Sarzanello">castro Sarzane</placeName>.
                    Coram <persName ref="#AbbatinusGiovagallo">Abbatino <roleName>nobili</roleName></persName> de <placeName ref="#Zovagallo">Iuvagallo</placeName>
                    et eius filio <persName ref="#BonaventuraAbbatini">Bonaventura</persName> ,<roleName>nobilibus</roleName><persName ref="#AldebrandinusGiovagallo">Aldebrandino</persName>,
                    <persName ref="#AimericoGiovagallo">Aimerico</persName> de eodem loco et pluribus aliis testibus, ad hec rogatis, venerabilis <persName ref="#uilEpLuni">Guilielmus</persName>,
                    <roleName>Dei gratia Lunensis episcopus</roleName>, suo nomine et episcopatus, per se et suos successores ac de voluntate
                    et consensu <persName ref="#BenedictusMontebello">Benedicti de <placeName ref="#Montebello">Montebello</placeName></persName>, presentis, et eius uxoris <persName ref="#GibertinamulierBenedicti">Gibertine</persName>, 
                    ut idem <persName ref="#BenedictusMontebello">Benedictus</persName> protestatus fuit, dedit, tradidit, cessit et cum investitura confirmavit in dotem
                    et nomine dotis <persName ref="#BernardinusAimerici">Bernardino, filio Aimerici de Iovagallo</persName> naturali, recipienti pro
                    <persName ref="#MelodiaBenedictiMelodia">Melodia</persName>,
                    <persName ref="#BenedictusMBnot">filia dicti Benedicti</persName> suprascripti et eius uxoris prefate, futura uxore sua,
                    et eorum heredibus ab eis similiter legitime descendentibus, totum podere,
                    tenutam et possessionem dictorum <persName ref="BenedictusMBnot#">Benedicti</persName> et <persName ref="#GibertinamulierBenedicti">Gibertine</persName>,
                    iugalium, sive quod et quam ipse <persName ref="#BenedictusMBnot">Benedictus</persName>
                    et eius uxor iuste habent nunc vel habuerunt, tenent et possident in <placeName ref="#Montebello">Montebello</placeName> et etiam alibi,
                    quicquid sit et quantum et ubicumque et cetera, cum accessibus et cetera,
                    promittens legitimam deffensionem et cetera; et potestatem inde tenutam intrandi ei dedit,
                    ita videlicet quod ex pacto teneatur et debeat idem <persName ref="#Bernardusnot">Bernardus</persName> suprascriptum podere
                    in <placeName ref="#Montebello">Montebello</placeName> videlicet habitare et residere perpetuo et deinceps prestare, reddere et facere omnes illos redditus, factiones,
                    condictiones et usancias, que et quas suprascripti iugales exinde solent facere et prestare curie Lunensi, stando ex pacto suprascripti iugales domini
                    et aministratores super ipso podere in vita suo; pro qua locatione recepit <measure type="Imperiales" quantity="40" unit="soldi">XL soldos imperialium</measure>.
                    Ambe partes attendere et observare suprascripta sibi vicissim promiserunt, sub pena <measure type="Imperiales" quantity="40" unit="soldi">XL soldorum imperialium</measure> et cetera; et, ea soluta, rato manente pacto.</p>
            </div>
            <div xml:id= "CCCCXXXI_div2" type= "mundum">
                <p xml:id="CCCCXXXI_p_002" n="2">
                    <ptr target="CCCCXXXI_st_001" facs="#st_338v_004"/>Ego <persName ref="#Henricusnot">Henricus de <placeName ref="#Sarzanello">castro Sarzane</placeName></persName>, <roleName>Sacri Palacii notarius</roleName>,
                    hanc cartam olim a <persName ref="#Bonencontrusnot">Bonencontro de
                    <placeName ref="#Soliera">Soleria</placeName></persName> <roleName>notario</roleName> abreviatam, prout in eius sceda et in eius
                    contractibus<note><emph>cti corretto su precedente scrittura</emph></note> et inbreviaturis inveni,
                    ita hic bona fide scripsi et autenticavi et in publicam formam redegi, auctoritate
                    et decreto super hiis mihi prestita et concesso a domino <persName ref="#Bonaiunctaiud">Bonaiuncta de <placeName ref="PodioLucca">Podiode Luca</placeName></persName>,
                    <roleName>iudice</roleName> in provincia <placeName ref="#Lunigiana">Lunisiane </placeName> pro venerabili patri domino Lunensi episcopo
                    et <placeName ref="#Lucca">Lucano communi</placeName>,
                    de qua auctoritate et decreto constat per instrumentum publicum factum manu <persName ref="Alcheriusnot#">Alcherii <roleName>notarii</roleName>
                    de <placeName ref="#Lucca">Luca</placeName></persName>.
                    <note n="a" place="foot" xml:id="CCCCXXXI_n_01">Stesura <emph>in mundum</emph> del documento n. 392-CCCCXXXI databile tra il 1270  e il 1272 dalla presenza di Bonagiunta de Podio di Lucca
                        <date notBefore="1270-01-01" notAfter="1272-12-31" cert="medium"></date>
                    </note>
                    
                </p>
            </div>
        </body>
    </text>
</TEI>

        
