<?xml version="1.0" encoding="UTF-8"?>
<?xml-model href="../schema/tei_cp.rng" type="application/xml" schematypens="http://relaxng.org/ns/structure/1.0"?>
<TEI xmlns="http://www.tei-c.org/ns/1.0">
    <teiHeader>
        <fileDesc>
            <titleStmt>
                <title/>
            </titleStmt>
            <publicationStmt>
                <publisher/>
            </publicationStmt>
            <sourceDesc>
                <msDesc>
                    <msIdentifier/>
                </msDesc>
            </sourceDesc>
        </fileDesc>
    </teiHeader>
    <text xml:id="​ CCCCLIII_414">
        <front xml:id="​ CCCCLIII_front">
            
            <titlePart type="numerazioneNuova">414</titlePart>
            <titlePart type="numerazioneOrig">​ CCCCLIII</titlePart>
            
            <docDate xml:id="​ CCCCLIII_docDate">
                <date when="1234-11-29">1234 novembre 29</date>, <placeName> Sarzanello <emph>(<term
                    xml:lang="latin">in curia castri Sarzane</term>)</emph></placeName>
            </docDate>
            <div type="regesto" xml:id="CCCCLIII_regesto">
                <p>Il vescovo di Luni Guglielmo acquista da Ramondino di Vezano per venti lire di
                    imperiali uno staio di frumento che Ramondino riceveva ogni anno da Maruffo,
                    Vitale e Rustichino di Albiano, la sesta parte dell’<term xml:lang="latin">homagium</term> 
                    che vantava su costoro e due vigne ad Albiano. Tali beni e diritti Ramondino li aveva ricevuti
                    in permuta da Saladino del fu Valentino di Vezzano e da suo nipote Urseolo del fu Alcarino. </p>
            </div>
            <div type="footer" xml:id="CCCCLIII_footer">
                
                <div type="orig_doc">
                    <p>Copia di copia autentica [C] cc. 353r-, cc. CCCXLIIIIr. secondo la
                        numerazione originale.</p>
                </div>
                
                <div type="biblio">
                    <p>Edizione parziale in <ref target="#LUPO_GENTILE_1912">LUPO GENTILE
                        1912</ref>, n. 453, pp. 462-463.</p>
                </div>
                
                <div type="crit_notes">
                    <note>Il documento contiene formule ceterate.</note>
                </div>
                
                <div type="appr">
                    <p/>
                </div>
            </div>
        </front>
        <body>
            <div xml:id="CCCCLIII_div">
                <p xml:id="CCCCLIII_p_001" n="1"><pb n="353r" xml:id="fol_353r"/>
                In Dei nomine, amen.<data when="1243-11-03">M°CCXXXIIII, 
                    indictione VII, die mercurii, III kalendas decembris</data>
                    . In curia <placeName ref="#Sarzana">castri Sarzane</placeName>,coram <roleName>nobili</roleName>
                    <persName ref="#AlbertonusGuidonis">Alberto</persName> <roleName>vicedomino</roleName>,
                    <persName ref="#RollandinusGuidonis">Rollando quondam Guidonis de Donna </persName>,
                    <persName ref="#GibertinusCar">Gibertino de<placeName ref="#Carpema">Carpena</placeName></persName>,
                    <persName ref="#RolandinusBoniorni">Rollando filio Boniorni<placeName ref="#Lucca">Lucano</placeName></persName>et
                    <roleName>presbytero</roleName><persName ref="#Armanuspres">Armanno</persName>,
        testibus. Pro precio<measure
            type="imperiales" quantity="20" unit="libbre">XX librarum imperialium</measure>,quas
        <roleName>nobilis</roleName><persName ref="#RaimundinusVezano">Ramondinus de
            <placeName ref="#Vezzano">Vezano</placeName></persName>confessus fuit se in veritate recepisse 
        a venerabile <persName ref="#Guglielmo">Guglielmo</persName>,<roleName>Dei gratia Lunensi episcopo</roleName>,
        renunciando exceptioni et cetera, per se et suos heredes dedit, vendidit et tradidit ei, recipienti pro se et
        suis successoribus et Lunensi episcopatu et cui dederit, in perpetuum, nominatim, 
        I starium frumenti, quod sibi annuatim reddebant <persName ref="#Maruffuscons">Maruffuscus</persName>,
        <persName ref="#Vitalis">Vitalis</persName>et <persName ref="#Rustiginus">Rustiginus de</persName>
        <placeName ref="#Albiano">Albiano</placeName>, et sextam partem homagii, quam in eis habebat sicut in villanis, ut dicebat,
        et omnes alias condictiones, usancias, iura et actiones, quas in ipsis habebat, et duas petias terrarum, que sunt vinee, in 
        <placeName ref="#Albiano">Albiano</placeName>, quas <persName ref="#Vitalis">Vitalis</persName>ab eo ad medietatem, ut laborator,
                    habebat, ut dicebat; item, iure sibi cesso et nomine permutationis a <persName ref="#SaladinusSaladini"> Saladino quondam Valentini de
            <placeName ref="#Vezzano">Vezano</placeName></persName>et ab 
            <persName ref="#Alcarinus">Alcharini</persName>,
        I starium frumenti et sextam partem homagii in ipsis eisdem et prenominatis hominibus de
        <placeName ref="#Albiano">Albiano</placeName> et terram et redditus et servicia alia,
        cum accessibus et egressibus, superioribus et inferioribus suis omnique iure, usu, dominio, utilitate et proprietate et cetera, 
        ab omni quoque homine cum ratione deffendere et disbrigare suis propriis expensis, suo iudicio et advocato, promiserunt et cetera,
        nec contravenire, sub pena dupli solvenda eidem domino episcopo tociens quociens incidetur in eam, et dando, cedendo ei omnia iura
        omnesque actiones et rationes utiles et directas, personales, reales et mixtas, ut suo nomine directo et utili&lt;ter&gt; possit agere et
        experiri adversus quamcumque personam et locum et cetera, et potestatem tenutam intrandi ei dedit et se eius nomine constituit 
        possidere, obligando ad hec se et suos heredes et omnia sua bona, renunciando omni suo iuri sibi pro hoc facto competenti. 
        </p>
            </div>
            <div xml:id="CCCCLIII_div2">
                <p xml:id="CCCCLIII_p_002" n="2">
                    <ptr target="CCCCLIII_st_001" facs="#st_353r_001"/>
                    Ego <persName ref="#HengeramusParentisnot">Hengheramus quondam Parentis de<placeName ref="#Sarzana">castro Sarzane</placeName></persName>,
                    <roleName> palacii sacri notarius</roleName>, hanc cartam olim a
                    <persName ref="#Bonencontrusnot">Bonencontro de
                        <placeName ref="#Soliera">Soleria</placeName><roleName>notario</roleName></roleName></persName>
                     abreviatam sive rogatam, prout in eius sceda et in eius contractibus et inbreviaturis inveni, ita hic bona fide scripsi et autenticavi 
                     et in publicam formam redegi, auctoritate et decreto super hiis mihi prestita et concesso a
                    <roleName>domino</roleName> <persName ref="#Bonaiunctaiud">Bonaiuncta de<placeName ref="#PodioLucca">Podio de Luca</placeName></persName>,
                    <roleName>iudice</roleName>in provincia <placeName ref="#Lunigiana">Lunisiane</placeName> pro venerabili patre
                    <roleName>domino</roleName><persName ref="#GuilEpLuni">Guilielmo</persName>,
                     <roleName>Lunensi episcopo</roleName>,et <placeName ref="#Lucca">Lucano</placeName>
                      <roleName>communi</roleName>,de qua auctoritate constat per instrumentum publicum factum manu
                    <placeName ref="#Alcheriusnot">Alcherii</placeName><roleName>notarii</roleName>de
                      <placeName ref="#Lucca">Luca</placeName><note>Stesura <emph>in mundum</emph> del documento n. 414-CCCCLIII databile tra il 1270  
                      e il 1272 dalla presenza di Bonagiunta de Podio di Lucca <date notBefore="1270-01-01" notAfter="1272-12-31" cert="medium"></date>
                      </note>.
                </p>
            </div>
        </body>
    </text>
</TEI>
            
            
        
        
        
        
        
        
        
        
        
        
            
