<?xml version="1.0" encoding="UTF-8"?>
<?xml-model href="../schema/tei_cp.rng" type="application/xml" schematypens="http://relaxng.org/ns/structure/1.0"?>
<TEI xmlns="http://www.tei-c.org/ns/1.0">
    <teiHeader>
        <fileDesc>
            <titleStmt>
                <title/>
            </titleStmt>
            <publicationStmt>
                <publisher/>
            </publicationStmt>
            <sourceDesc>
                <msDesc>
                    <msIdentifier/>
                </msDesc>
            </sourceDesc>
        </fileDesc>
    </teiHeader>
    <text xml:id="CCCCXXI_382">
        <front xml:id="CCCCXXI_front">
            
            <titlePart type="numerazioneNuova">382</titlePart>
            <titlePart type="numerazioneOrig">CCCCXXI</titlePart>
            
            <docDate xml:id="CCCCXXI_docDate">
                <date when="1257-02-13">1257 febbraio 13</date>, <placeName>Bolano (<emph>apud castrum
                    de Bolano, in domo Bonafemine relicte olim Henrici de Bolano</emph>)</placeName>
            </docDate>
            
            <div type="regesto" xml:id="CCCCXXI_regesto">
                <p>Bonafemina, vedova del fu Enrico di Bolano, cede a Paganino, notaio di 
                    Santo Stefano, castaldo del vescovo di Luni Guglielmo, al prezzo di 
                    33 soldi di imperiali, due pezzi di terra posti nel distretto di Bolano,
                    in <emph>Valporcara</emph>. Bonafemina, che teneva tali beni in feudo dalla curia di 
                    Luni, li ottiene ora in affitto al censo annuale di un quarto di staio 
                    di frumento e una libbra d’olio.</p> 
            </div>
            
            <div type="footer" xml:id="CCCCXXI_footer">
                
                <div type="orig_doc">
                    <p>Copia [C] cc. 334r.-334v., cc. CCCXXVIr.-CCCXXVIv. secondo la numerazione
                      originale</p>
                </div>
                <div type="biblio">
                    <p>Edizione parziale in <ref target="#LUPO_GENTILE_1912">LUPO GENTILE
                      1912</ref>, n. 421, p. 413.</p>
                </div>
                <div type="crit_notes">
                    <p/>
                </div>
               <div type="appr">
                    <p/>
               </div> 
            </div>
        </front>
        
        <body>
            <div xml:id="CCCCXXI_div">
                <p xml:id="CCCCXXI_p_001">In nomine Domini, amen. <date when="1257-02-13">Anno a
                    nativitate Eius M°CCLVII, indictione XV, XIII februarii.</date> 
                    <persName ref="#BonafeminarelHenrici">Bonafemina, relicta olim 
                        <persName ref="#Henricus">Henrici de <placeName 
                            ref="#Bolano">Bolano</placeName></persName></persName>, 
                    fecit finem et refutationem et pactum de non petendo et datum <persName 
                        ref="#Paganinusnot">Paganino <roleName>notario</roleName>
                        de <placeName ref="#Santo_Stefano">Sancto Stephano</placeName></persName>, 
                    castaldioni venerabilis patris domini <persName ref="#GuilEpLuni">Guilielmi, 
                        <roleName>Dei gratia Lunensis episcopi</roleName></persName>, recipienti 
                    nomine episcopatus, de duabus petiis terrarum, cum omnibus super se positis 
                    et pertinenciis earum, positis in districtu <placeName ref="#Bolano">Bolani</placeName>,
                    in loco dicto <placeName ref="#Valporcara">Valporcara</placeName>, uni quarum
                    coheret superius via publica, inferius <persName ref="#CannalisTufara">Canalis
                        <note xml:id="CCCCXXI_n_001" n="a" place="foot"><term xml:lang="latin">Canalis</term>:
                            <emph>corretto su precedente scrittura</emph></note>
                        de <placeName ref="#Thufara">Tufara</placeName></persName>, ab uno latere 
                    heredes <persName ref="#GuidoValporcara">Guidi de <placeName 
                        ref="#Valporcara">Valporcara</placeName></persName>,ab alio <persName 
                        ref="#BenvenutusValporcara">Benvenutus</persName> eiusdem loci; alii coheret via 
                    publica superius, inferius <persName ref="#Aldebertinus">Aldebertinus</persName>, ab uno 
                    latere <persName ref="#Bonacaptus">Bonacatus</persName>, ab alio <persName 
                        ref="#BenvenutusValporcara">Benvenutus</persName> predictus, quas a Lunensi curia 
                    tenebat. Quam finem et refutationem promisit <persName 
                        ref="#BonafeminarelHenrici">Bonafemina</persName> predicta per se suosque 
                    heredes predicto <persName ref="#Paganinusnot">Paganino</persName>, recipienti ut dictum 
                    est, perpetuo firmam et ratam habere et tenere et numquam in aliquo contra facere vel 
                    venire, de iure vel de facto, et ipsas terras deffendere ab omni contradicente persona, 
                    specialiter de suo dato et facto, sub obligatione bonorum et heredum suorum, sub pena 
                    <measure type="imperiales" unit="soldi" quantity="20">XX soldorum imperialium</measure>,
                    quam dare et solvere promisit suprascripto <persName ref="#Paganinusnot">Paganino</persName>, 
                    recipienti ut dictum est, si contra predicta venerit vel non observaverit, quociens 
                    fuerit contraventum, confitendo se recepisse ab ipso <persName 
                        ref="#Paganinusnot">Paganino</persName>, dante et solvente nomine predicti episcopatus,
                    pro precio suprascriptarum terrarum aut hemponematorum sive melioramentorum ipsarum, 
                    <measure type="imperiales" unit="soldi" quantity="33">soldos XXXIII bonorum imperialium</measure>,
                    renunciando exceptioni non numerate pecunie. Ibidem incontinenti suprascriptus <persName 
                        ref="#Paganinusnot">Paganinus</persName>, nomine ac vice predicti episcopatus,
                    dedit et locavit ei suprascriptas terras, cum omnibus super positis et pertinenciis earum, 
                    ita ut ipsa <persName ref="#BonafeminarelHenrici">Bonafemina</persName> et sui heredes,
                    ex se descendentes, habeant, teneant et fruantur suprascriptas terras cum omnibus super 
                    positis et pertinenciis earum, dando et reddendo exinde annuatim Lunensi curie, in curia
                    de <placeName ref="#Bolano">Bolano</placeName> vel districtu, ubi alii redditus 
                    episcopales dantur et consignantur, per totum mensem augusti, quartum I frumenti mundi et
                    sicci, ad currens starium curie Lunensis de <placeName ref="#Sarzana">Sarzana</placeName>, 
                    et libram I olei, ad corrente <pb n="334v" xml:id="fol_334v"/> libram curie de 
                    <placeName ref="#Sarzana">Sarzana</placeName>, per totum mensem ianuarii, 
                    promittendo dictus <persName ref="#Paganinusnot">Paganinus</persName>,nomine predicti 
                    episcopatus, predicte <persName ref="#BonafeminarelHenrici">Bonafemine</persName>,
                    recipienti pro se suisque heredibus, dictam locationem perpetuo firmam et 
                    ratam habere et non contra venire. Et pro predictis omnibus sic attendendis
                    et observandis obligaverunt <supplied reason="omitted">se <note xml:id="CCCCXXI_n_002"
                            n="b" place="foot"><emph>Per l’integrazione cfr. il documento 
                                381-CCCCXXI, di mano dello stesso notaio.</emph></note></supplied>, et 
                    dictus <persName ref="#Paganinusnot">Paganinus</persName> bona episcopatus et 
                    dicta <persName ref="#BonafeminarelHenrici">Bonafemina</persName> se suosque heredes et 
                    omnia sua bona, ad penam <measure type="imperiales" unit="soldi" 
                        quantity="20">XX soldorum imperialium</measure>, quam pars que contra 
                    predicta venerit vel non observaverit parti fidem servanti solvere teneatur quociens 
                    in ipsam inciderit; et, ea soluta, predicta omnia in suo robore perseverent. Et 
                    nichillominus teneatur <note xml:id="CCCCXXI_n_003" n="c" place="foot">
                        <term xml:lang="latin">teneatur</term>: <emph>nel testo</emph> teneantur 
                            <emph>con la seconda n espunta e depennata.</emph></note> eadem 
                    <persName ref="#BonafeminarelHenrici">Bonafemina</persName> 
                    ex ipsis terris Lunensi curie respondere sicut in omnibus ante presentem 
                    contractum facere et respondere tenebatur.</p>
                <p xml:id="CCCCXXI_p_002">Actum apud castrum de <placeName ref="#Bolano">Bolano</placeName>, 
                    in domo predicte <persName ref="#BonafeminarelHenrici">Bonafemine</persName>, 
                    presentibus <persName ref="#VivaldusCobia">Vivaldo de <placeName
                        ref="#Cobia">Cobia</placeName></persName> et <persName 
                        ref="#Mançetinusscar">Manzetino, <roleName>scariis curie <note 
                            xml:id="CCCCXXI_n_004" n="d" place="foot"><term 
                                xml:lang="latin">scariis curie</term>: <emph>cfr. il documento 
                                    385-CCCCXXIIII.</emph></note></roleName></persName>, 
                    <persName ref="#ConfortusCorvarini">Conforto</persName> et <persName 
                        ref="#BotilionusCorvarini">Botiliono quondam Corvarini</persName>, testibus ad hec 
                    rogatis.</p>
                <p xml:id="CCCCXXI_p_003"><ptr target="#CCCCXXI_st_001"/>Ego <persName 
                    ref="#Benedictusnot">Benedictus, <roleName>imperialis aule 
                        notarius</roleName></persName>, 
                    hiis interfui et rogatus scripsi.</p> 
            </div>
        </body>     
    </text>
</TEI>


        
    

    