<?xml version="1.0" encoding="UTF-8"?>
<?xml-model href="../schema/tei_cp.rng" type="application/xml" schematypens="http://relaxng.org/ns/structure/1.0"?>
<TEI xmlns="http://www.tei-c.org/ns/1.0">
    <teiHeader>
        <fileDesc>
            <titleStmt>
                <title/>
            </titleStmt>
            <publicationStmt>
                <publisher/>
            </publicationStmt>
            <sourceDesc>
                <msDesc>
                    <msIdentifier/>
                </msDesc>
            </sourceDesc>
        </fileDesc>
    </teiHeader>
    <text xml:id="CCCLXXXVII_348">
        <front xml:id="CCCLXXXVII_front">

            <titlePart type="numerazioneNuova">348</titlePart>
            <titlePart type="numerazioneOrig">CCCCLXXXVII</titlePart>

            <docDate xml:id="CCCLXXXVII_docDate">
                <date when="1235-03-25">1235 marzo 25</date>, <placeName>Sarzana (<term
                        xml:lang="latin">in curia castri Sarzane</term>)</placeName>
            </docDate>

            <div type="regesto" xml:id="CCCLXXXVII_regesto">
                <p>Guglielmo, vescovo di Luni, loca a Bonagiunta del fu Paganello di Barbazano un
                    pezzo di terra boschiva di tre iugeri posta in valle <term xml:lang="latin">de
                        Aramonti</term>. Il fitto annnuale ammonta a un sestario e mezzo di
                    grano.</p>
            </div>

            <div type="footer" xml:id="CCCLXXXVII_footer">

                <div type="orig_doc">
                    <p>Copia [C] CP c. 319r., c. CCCXIr. secondo la numerazione originale.</p>
                </div>

                <div type="biblio">
                    <p>Edizione parziale in <ref target="#LUPO_GENTILE_1912">LUPO GENTILE
                        1912</ref>, n. 387, pp. 366-367</p>
                </div>

                <div type="crit_notes">
                    <note>Il documento contiene formule ceterate. <p>Stesura <emph>in mundum</emph> databile tra il 1270
                        e il 1272 dalla presenza di Bonagiunta de Podio di Lucca.</p></note>
                </div>

                <div type="appr">
                    <p/>
                </div>
            </div>
        </front>

        <body>
            <div xml:id="CCCLXXXVII_div">
                <p xml:id="CCCLXXXVII_p_001" n="1">In Dei nomine, amen. <date when="1235-04-08">Anno
                        a nativitate Eius M°CCXXXV, indictione VIII, die dominico, VIII kalendas
                        aprilis</date>, in curia <placeName ref="#Sarzanello">castri
                        Sarzane</placeName>, coram <persName ref="#GuidoLucanus">Guidone quondam
                        Dominici <placeName ref="#Lucca">Lucano</placeName></persName>, <persName
                        ref="#RollandusVagus">Rollando dicto Vago <placeName ref="#Lucca"
                            >Lucano</placeName></persName> et <persName ref="#ParensPasqualini"
                        >Parente quondam Pasqualini, <roleName>castaldo curie</roleName>
                        <placeName ref="#Sarzanello">castri Sarzane</placeName></persName>, testibus
                    rogatis. Venerabilis <persName ref="#GuilEpLuni">Guilielmus</persName>,
                        <roleName>Dei gratia Lunensis episcopus</roleName>, per se et suos
                    successores dedit, cessit atque locavit <persName ref="#BonaiutusPaganelli"
                        >Bonaiuto de <placeName ref="#">Barbaçano</placeName> quondam
                        Paganelli</persName> et eius heredibus, ab eis descendentibus, in perpetuum,
                    I petiam terre bosch<supplied reason="omitted">iv</supplied>e seu nemoris site
                    in valle de <placeName ref="#Aramonte">Aramonti</placeName>, que esse debet tria
                    iugera, iuris domini episcopi Lunensis, infra has confines, videlicet ab una
                    parte via que vadit inter <placeName ref="#Marossa">Marossaa<note place="foot"
                            n="a" xml:id="CCCLXXXVII_n_001"><term xml:lang="latin"
                                >Marossa</term>:<emph>così nel testo</emph>.</note></placeName>, a
                    pede canale, a capite area <placeName ref="#Lupura">Lupura</placeName> et ab
                    alia est costa de <placeName ref="#Gropolo">Gropolo</placeName>, et si qui alii
                    sunt fines, cum accessibus et egressibus suis, ad habendum, tenendum, fruendum
                    et possidendum, meliorandum et non deteriorandum. Et promisit legitimam
                    deffensionem et sumptus omnes reficere, et potestatem inde tenutam intrandi,
                    auctoritate propria, ei dedit et se eius nomine et cetera, reddendo exinde omni
                    anno Lunensi curie, per mensem augusti, I starium et dimidium ordei boni, pulcri
                    et sicci, ad starium currentem <placeName ref="#Ameglia">Amelie</placeName>
                    tantum, dati et parati in ipsa curia <placeName ref="#Ameglia"
                        >Amelie</placeName>; alia superimposita non fiat. Que omnia suprascripta
                    ambe partes, inter se sibi vicissim stipulantes, attendere et observare perpetuo
                    promiserunt nec contravenire, sub <measure type="imperialium" quantity="20"
                        unit="soldi">pena XX soldorum imperialium</measure>, solvenda parti et
                    cetera; et, ea soluta, rato manente pacto.</p>
            </div>
            <div xml:id= "CCCLXXXVII_div2" type= "mundum">
                <p xml:id="CCCLXXXVII_p_002" n="2"><ptr target="#CCCLXXXVII_st_001"/> Ego <persName
                        ref="#Henricusnot">Henricus de <placeName ref="#Sarzanello">castro
                            Sarzane</placeName></persName>, <roleName>sacri palacii
                        notarius</roleName>, hanc cartam olim a <persName ref="#Bonencontrusnot"
                        >Bonencontro de <placeName ref="#Soliera">Soleria</placeName></persName>
                    <roleName>notario</roleName> abreviatam sive rogatam, prout in eius sceda et in
                    eius contractibus et imbreviaturis inveni, ita hic bona fide scripsi et
                    autenticavi et in publicam formam redegi, auctoritate et decreto super hiis mihi
                    prestita et concesso a <roleName>domino</roleName>
                    <persName ref="#Bonaiunctaiud">Bonaiuncta de <placeName ref="#PodioLucca">Podio
                            de Luca</placeName></persName>, iudice in provincia <placeName
                        ref="#Lunigiana">Lunisiane</placeName> pro venerabili patre domino Lunensi
                    episcopo et <placeName ref="#Lucca">Lucano communi</placeName>, de qua
                    auctoritate et decreto constat per instrumentum publicum factum manu <persName
                        ref="#AlcheriusPagani">Alcherii <roleName>notarii</roleName> de <placeName
                            ref="#Lucca">Luca</placeName></persName><note>Stesura <emph>in mundum</emph> del 
                                documento n. 348-CCCLXXXVII databile tra il 1270
                                e il 1272 dalla presenza di Bonagiunta de Podio di Lucca 
                                <date notBefore="1270-01-01" notAfter="1272-12-31" cert="medium"></date></note>. </p>
            </div>
        </body>
    </text>
</TEI>
