﻿<?xml version="1.0" encoding="UTF-8"?>
<?xml-model href="../schema/tei_cp.rng" type="application/xml" schematypens="http://relaxng.org/ns/structure/1.0"?>
<TEI xmlns="http://www.tei-c.org/ns/1.0">
    <teiHeader>
        <fileDesc>
            <titleStmt>
                <title/>
            </titleStmt>
            <publicationStmt>
                <publisher/>
            </publicationStmt>
            <sourceDesc>
                <msDesc>
                    <msIdentifier/>
                </msDesc>
            </sourceDesc>
        </fileDesc>
    </teiHeader>
    <text xml:id="CCCLXXXI_343">
        <front xml:id="CCCLXXXI_front">

            <titlePart type="numerazioneNuova">343</titlePart>
            <titlePart type="numerazioneOrig">CCCLXXXI e CCCLXXXII</titlePart>

            <docDate xml:id="CCCLXXXI_docDate">
                <date when="1252-07-30">1252 luglio 30, nel castello di <placeName>Moneta (<emph>in
                            castro Monete, in porticu domus Martini de
                    Plaça</emph>)</placeName></date>
                <date when="1254">1254, <placeName>Ameglia (<emph>Amelie, in
                        curia</emph>)</placeName></date>
            </docDate>

            <div type="regesto" xml:id="CCCLXXXI_regesto">
                <p>Ardoino di Petrognano, Veltro e Goffredo del fu Guglielmo di donna Emma, Vivelda
                    del fu Salveto assieme al marito Nicolosio, Guglielmino di Gragnano curatore di
                    Saladinello del fu Iacopino Malaraice, vendono al vescovo di Luni Guglielmo per
                    34 lire di imperiali alcuni villani con l’intero podere e i redditi relativi. In
                    particolare il fitto versato dai villani Albergo di Valdonica e Salveto di
                    Fontanella ammonta a mezzo sestario di frumento, quello di Meliorato di Melia a
                    un sestario di castagne secche. Vendono inoltre numerosi altri fitti provenienti
                    da poderi variamente dislocati. Acconsentono all’operazione i coniugi Salizia e
                    Alberto de <term xml:lang="latin">Buiano</term>. Due anni dopo Lorenzo del fu
                    Vitale e Albergo di Valdonica, a nome proprio, ed Oliverio di Valdonica, in
                    qualità di tutore di Gibertina, figlia del fu Bonacorso de Fontenella,
                    dichiarano di voler essere villani di Gugliemo, vescovo di Luni.</p>
            </div>

            <div type="footer" xml:id="CCCLXXXI_footer">

                <div type="orig_doc">
                    <p>Copia [C] CP cc. 316v.-317v., cc. CCCVIIIv.-CCCVIIIIv. secondo la numerazione
                        originale </p>
                </div>

                <div type="biblio">
                    <p>Edizione parziale in <ref target="#LUPO_GENTILE_1912">Lupo Gentile
                        1912</ref>, n. 381, pp. 361-362 e n. 382, p. 362. Lupo Gentile, rispettando
                        la numerazione del Codice, separa due documenti che sono invece legati, dato
                        che il secondo testo non è autonomo, ma presuppone necessariamente il
                        primo.</p>
                </div>

                <div type="crit_notes">
                    <note/>
                </div>

                <div type="appr">
                    <p/>
                </div>
            </div>
        </front>

        <body>
            <div xml:id="CCCLXXXI_div">
                <p xml:id="CCCLXXXI_p_001" n="1">In Dei nomine, amen. <date when="1252-07-30">Anno a
                        nativitate Eius M°CCLII, indictione X, III kalendas augusti</date>. Pro
                    precio <measure type="imperiales" quantity="34" unit="lire">librarum XXXIIII
                        imperialium</measure>, quos <persName ref="#ArduinusPetrognano"
                            ><roleName>dominus</roleName> Ardoinus de <placeName ref="#Petrognano"
                            >Petrognano</placeName></persName>, <persName ref="#VeltrusGuilielmi"
                        >Veltrus quondam Guilielmi de donna Emma</persName> et <persName
                        ref="#GotifredusfrVeltri">Gotifredus frater eius</persName>, <persName
                        ref="#ViveldaSalveti">Vivelda quondam Salveti uxor Nicholosii</persName>,
                    ipso <persName ref="#Nicholosius">Nicholosio</persName> cum ea, et <persName
                        ref="#GuilielminusGragnano">Guilielminus de <pb n="317r" xml:id="fol_317r"/>
                        <placeName ref="#Gragnano">Gragnano</placeName></persName>, curator
                        <persName ref="#SaladinellusIacopini">Saladinelli filii quondam Iacopini
                        Malaraice</persName>, ipso <persName ref="#SaladinellusIacopini"
                        >Saladinello</persName> presente et cum eo faciente, sibi a domino <persName
                        ref="#GuilEpLuni">Guilielmo, <roleName>Dei gratia Lunensi
                            episcopo</roleName></persName>, solutos esse fuerunt confessi,
                    renunciando exceptioni non numerate pecunie, et receperunt coram me notario et
                    testibus infrascriptis, vendiderunt et tradiderunt ei, recipienti nomine sui
                    episcopatus, infrascripta, videlicet <persName ref="#LaurentiusVitalis"
                        >Lorençium quondam Vitalis</persName>, <persName ref="#SalvetusFontenella"
                        >Salvetum de <placeName ref="#Fontella">Fontenella</placeName></persName>,
                        <persName ref="#AlbergusValdonica">Albertum<note xml:id="CCCLXXXI_n_001"
                            n="a" place="foot"><term xml:lang="latin">Albertum</term>: <emph>in
                                seguito nominato come Albergus</emph></note> de <placeName
                            ref="#Valdonica">Valdonica</placeName></persName>, eorum villanos seu
                    manentes, cum toto podere et possessione, quas tenent ab eis, cum omnibus
                    redditibus et serviciis et factionibus et condictionibus, quas ei facere et
                    reddere tenentur, et quoddam fictum quod est annuatim medium starium frumenti,
                    quod ei<supplied reason="omitted">s</supplied> reddeba<supplied reason="omitted"
                        >n</supplied>t <persName ref="#AlbergusValdonica">Albergus</persName> et
                        <persName ref="#SalvetusFontenella">Salvetus</persName> quondam <note
                        xml:id="CCCLXXXI_n_002" n="b" place="foot"><emph>Segue spazio bianco per mm.
                            35, manca l’indicazione della paternità.</emph></note>; item starium
                    unum castanearum siccarum, quas similiter, nomine ficti, reddere tenetur
                    annuatim <persName ref="#MelioratusAmelia">Melioratus de <placeName
                            ref="#Ameglia">Amelia</placeName></persName>. Item infrascriptam
                    pensionem, quam reddunt infrascripte persone annuatim: filia <persName
                        ref="#FuscolinusValleStephani">Foscolini de <placeName ref="#Valle_Stephani"
                            >Valle Stephani</placeName></persName>
                    <measure type="imperiales" unit="denari" quantity="3">denarios tres
                        imperialium</measure> de podere de <placeName ref="#Valle_Stephani">Valle
                        Stephani</placeName>; <persName ref="#GuidoValleStephani">Guido de
                            <placeName ref="#Valle_Stephani">Valle Stephani</placeName></persName> I
                    amiscere, de duobus annis uno, et <measure type="imperiales" quantity="4"
                        unit="denari">IIII imperialium</measure>, annuatim, de domo et podere de
                        <placeName ref="#Valle_Stephani">Valle Stephani</placeName>, ubi residet;
                    filii <persName ref="#Bonensegna">Bonensegne</persName>
                    <measure type="imperiales" quantity="6" unit="denari">VI imperialium</measure>;
                        <persName ref="#Bonaiutus">Bonaiutus</persName> et <persName
                        ref="#Iuxtamons">Iustamons, nepos suus</persName>, <measure
                        type="imperiales" quantity="4" unit="denari">IIII imperialium</measure>,
                    annuatim, de una iuva terre posita in <placeName ref="#Cafaçola"
                        >Cafaçola</placeName>; <persName ref="#HengeramusfrGualteroni"
                        >Hengerame</persName> et <persName ref="#GualteronusfrHengerami"
                        >Gualteronus, fratres</persName>, et <persName ref="#BonaverePortasione"
                        >Bonavere de <placeName ref="#Portesone">Portasione</placeName></persName>
                    <measure type="imperiales" quantity="9" unit="denari">IX imperialium</measure>,
                    annuatim, de podere de <placeName ref="#Mezana">Meçana</placeName>; <persName
                        ref="#MançetinusAmelia">Mançetinus de <placeName ref="#Ameglia"
                            >Amelia</placeName></persName>
                    <measure type="imperiales" quantity="4.5" unit="denari">IIII imperialium et
                        medium</measure>, annuatim; filii <persName ref="#PaganusBalognano">Pagani
                        de <placeName ref="#Balognano">Balognano</placeName></persName>
                    <measure type="imperiales" quantity="4.5" unit="denari">IIII imperialium et
                        medium</measure>, annuatim; <persName ref="#Bonencontrinus"
                        >Bonencontrinus</persName> et <persName ref="#Panicia">Panicia</persName>
                    <measure type="imperiales" quantity="4.5" unit="denari">IIII imperialium et
                        medium</measure> de podere de <placeName ref="#Niça">Niça</placeName> et
                        <measure type="imperiales" quantity="4" unit="denari">IIII
                        imperialium</measure> de podere de <placeName ref="#Rivo">Rivo</placeName>.
                    Item infrascripti reddebant eis decimas de podere suo: <persName
                        ref="#MartinusVenture">Martinus Venture</persName>, <persName
                        ref="#AdornetusBalognano">Adornetus de <placeName ref="#Balognano"
                            >Balognano</placeName></persName>, <persName ref="#BonavitaBalognano"
                        >Bonavita de <placeName ref="#Balognano">Balognano</placeName></persName>,
                        <persName ref="#PaganusRamundini">Paganus Ramundini</persName>, donna
                        <persName ref="#RosaBalognano">Rosa de <placeName ref="#Balognano"
                            >Balognano</placeName></persName>, <persName ref="#BellaBalognano">Bella
                        de <placeName ref="#Balognano">Balognano</placeName></persName>, <persName
                        ref="#BordonusQuaroçola">Bordonus de <placeName ref="#Quaragiota"
                            >Quaroçola</placeName></persName>, <persName ref="#MachetusQuaroçola"
                        >Machetus</persName> eiusdem <placeName ref="#Quaragiota">loci</placeName>,
                        <persName ref="#IohanninusQuaroçola">Iohanninus
                            <roleName>stiparius</roleName> de <placeName ref="#Quaragiota"
                            >Quaroçola</placeName></persName>, <persName ref="#PaganinusOliva"
                        >Paganinus de <placeName ref="#Oliveto">Oliva</placeName></persName>,
                        <persName ref="#GerardinusOliva">Gerardina</persName> eiusdem <placeName
                        ref="#Oliveto">loci</placeName>, <persName ref="#GuidetusMiliaciola"
                        >Guidetus de <placeName ref="#Miliaciola">Miliaciola <note
                                xml:id="CCCLXXXI_n_003" n="c" place="foot"><term xml:lang="latin"
                                    >Miliaciola</term>: <emph>nel manoscritto</emph> Maliaciola
                                    <emph>con la prima</emph> a <emph>espunta e corretta con</emph>
                                i <emph>in sopralinea.</emph></note></placeName></persName>,
                        <persName ref="#MartignonusMiliaciola">Martignonus</persName> eiusdem
                        <placeName ref="#Miliaciola">loci,</placeName>
                    <persName ref="#SalveFontenella">Salve de <placeName ref="#Fontella"
                            >Fontenella</placeName></persName>, <persName ref="#BonsengnoreVia"
                        >Bonsegnore de <placeName ref="#Via">Via</placeName></persName>, <persName
                        ref="#MercatusVia">Mercatus</persName> eiusdem <placeName ref="#Via"
                        >loci</placeName>, <persName ref="#SimonPorta">Symon de <placeName
                            ref="#Porta">Porta</placeName></persName>, <persName
                        ref="#LaurentiusVia">Laurentius <note xml:id="CCCLXXXI_n_004" n="d"
                            place="foot"><term xml:lang="latin">Laurentius</term>: <emph>in parte
                                corretto su precedente scrittura.</emph></note> de <placeName
                            ref="#Via">Via</placeName></persName>, <persName
                        ref="#AlbergusFontenella">Albergus de <placeName ref="#Fontella"
                            >Fontenella</placeName></persName>, podere <persName
                        ref="#MançetusMiliaciola">Mançeti de <placeName ref="#Miliaciola"
                            >Miliaciola</placeName></persName>, <persName
                        ref="#DeotisalviPortuveneris">Detesalve de <placeName ref="#Portovenere"
                            >Portuveneris</placeName></persName>; de podere de <placeName
                        ref="#Fontella">Fontenella</placeName>
                    <persName ref="#MelioratusAmelia">Melioratus de <placeName ref="#Ameglia"
                            >Amelia</placeName></persName> et filius <persName ref="#GuidetusAmelia"
                        >Guideti</persName> eiusdem <placeName ref="#Ameglia">loci</placeName>,
                        <persName ref="#UgolinusAmelia">Ugolinus de <placeName ref="#Ameglia"
                            >Amelia</placeName></persName>, <persName ref="#MartignonusCorsi"
                        >Martignonus Corsi</persName> eiusdem <placeName ref="Ameglia"
                        >loci</placeName>, <persName ref="#MercatusValdonica">Mercatus de <placeName
                            ref="#Valdonica">Valdonica</placeName></persName>, <persName
                        ref="#GuidoValleStephani">Guido</persName>, <persName
                        ref="#AlbergusValdonica">Albergus</persName>, <persName
                        ref="#OliveriusValdonica">Oliverius</persName>, <persName
                        ref="#MelioratusAmelia">Melioretus</persName>, <persName
                        ref="#BonavitaBalognano">Bonavita</persName>, <persName ref="#Bennatuarch"
                        >Bennatus</persName>, <persName ref="#Durans">Durantus</persName>, <persName
                        ref="#HenricusGuitardi">Henricus filius Guiterni</persName> pro uxore, et
                    similiter de masio de <placeName ref="#Volpara">Volpara</placeName>. Et
                    cesserunt ei omnia iura et actiones, utiles et directas, reales, personales et
                    mixtas, sibi in predictis et pro predictis competencia et competentes. Et
                    constituerunt se, pro eo et eius nomine, predicta possidere et quasi; et
                    fecerunt eum procuratorem et dominum in rem suam, promittendo ei, sollempni
                    stipulatione et ad sancta Dei evangelia iurando, dictus <persName
                        ref="#SaladinellusIacopini">Saladinellus</persName> predicta omnia
                    deffendere et exbrigare ab omni contradicente et impediente persona et loco, et,
                    si deffendere et exbrigare non posset et non deffenderet et exbrigaret,
                    restaurare et salvum cambium inde ei dare, arbitrio boni viri, promisit et <note
                        xml:id="CCCLXXXI_n_005" n="e" place="foot">
                        <emph>Segno tachigrafico per</emph> et <emph>scritto su
                        rasura.</emph></note> ipsam deffensionem facere suis expensis et dampna
                    reficere et expensas et interesse etiam singulare et conservare eum et suos
                    successores inde indempnes. Insuper promiserunt et convenerunt facere et
                    procurare quod <persName ref="#Salicia">domina Salicia</persName> et <persName
                        ref="#AlbertusBuiano">Albertus de <placeName ref="#Buiano"
                            >Buiano</placeName></persName>, vir eius, predicte vendictioni
                    consentient et eam in omnibus facient ut predicti fecerunt, obligando se
                    predicti omnes pro predictis omnibus observandis et attendendis et eorum heredes
                    et bona ad penam dupli suprascripte pecunie et eius tocius quod in questionem
                    veniret, renunciando omni iuri et consuetudini et legum auxilio quo possent
                    contra predicta venire vel tueri se a predictis seu ab aliquo predictorum et
                    nominatim a predicta pena, que tociens solvatur quociens contra factum fuerit;
                    et, ea soluta vel non, predicta omnia nichillominus robur obtineant firmitatis. </p>
                <p xml:id="CCCLXXXI_p_002" n="2">Actum in <placeName ref="#Moneta">castro
                        Monete</placeName>, in porticu domus <persName ref="#MartinusPlaça">Martini
                        de <placeName ref="#Plaça">Plaça</placeName></persName>, testibus <persName
                        ref="#Bennatuarch"><roleName>magistro</roleName> Berardo
                            <roleName>archipresbytero</roleName> de <placeName ref="#Marnasco"
                            >Marnasco</placeName></persName>, <persName ref="#Iacobinuscler"
                        >Iacobino <roleName>clerico</roleName> de <placeName ref="#Monte"
                            >Monte</placeName></persName>, <persName ref="#IacopuciusAlberti"
                        >Iacopucio quondam Alberti de Gandelfino</persName>, <persName
                        ref="#PasqualinusParentis">Pasqualino filio Parentis de Pasqualino de
                            <placeName ref="#Sarzanello">castro Sarzane</placeName></persName>,
                        <persName ref="#PeregrinusPal">Opiçone quondam Peregrini de <placeName
                            ref="#Padule">la Padule</placeName></persName>, <persName
                        ref="#BonaiunctaPesticio">Bonaiuncta Pisticio</persName>, presentibus et
                    rogatis. <pb n="317v" xml:id="fol_317v"/>
                </p>
                <p xml:id="CCCLXXXI_p_003" n="3"><ptr target="#CCCLXXXI_st_001"/> Ego <persName
                        ref="#Peregrinusnot">Peregrinus, <roleName>summi pontificis auctoritate
                            notarius ac iudex ordinarius</roleName></persName>, hanc cartam a
                        <persName ref="#Bonalbergusnot4">Bonalbergo, patre meo</persName>,
                    abreviatam, visa eius sceda, ipso presente, precibus et mandato eius scripsi et
                    in publicam formam redegi et meo signo et nomine roboravi. </p>
            </div>

            <div xml:id="CCCLXXXII_div">
                <p xml:id="CCCLXXXII_p_001" n="1">Postea vero <date when="1254">anno a nativitate
                        Domini M°CCLIIII, indictione XII</date>, <persName ref="#LaurentiusVitalis"
                        >Laurentius</persName> et <persName ref="#AlbergusValdonica"
                        >Albergus</persName> predicti, pro se, et <persName
                        ref="#OliveriusValdonica">Oliverius de <placeName ref="#Valdonica"
                            >Valdonica</placeName></persName>, tutorio nomine pro <persName
                        ref="#GibertinaBonacursi">Gibertina filia quondam Bonacursi de <placeName
                            ref="#Fontella">Fontenella</placeName></persName>, que debuit esse nurus
                    predicti <persName ref="#SalvetusFontenella">Salveti</persName>, coram
                    venerabili domino <persName ref="#GuilEpLuni">Guilielmo, <roleName>Dei gratia
                            Lunensi episcopo</roleName></persName>, fuerunt confessi quod erant
                    villani, manentes et residentes predictorum de <placeName ref="#Carrara"
                        >Carraria</placeName> et volunt esse <supplied reason="omitted"
                        >villani</supplied> predicti domini episcopi et episcopatus et ei servire et
                    obedire tanquam domino, et sic facere promiserunt, sub obligatione <note
                        xml:id="CCCLXXXII_n_006" n="f" place="foot"><term xml:lang="latin"
                            >obligatione</term>: <emph>segue, depennato,</emph> omnium.</note>
                    suorum bonorum, et idem <persName ref="#OliveriusValdonica">Oliverius</persName>
                    obligando ipsam <persName ref="#GibertinaBonacursi">Gibertinam</persName> et
                    eius bona ad penam <measure type="imperiales" unit="soldi" quantity="100">C
                        soldorum imperialium</measure>, quam ipsi domino episcopo solvere
                    promiserunt si contra predicta venerint; et, ea soluta vel non, predicta omnia
                    in suo robore perseverent. </p>
                <p xml:id="CCCLXXXII_p_002" n="2">Actum Amelie, in curia, testibus <persName
                        ref="#Adiutuscap"><roleName>presbytero</roleName> Adiuto <roleName>domini
                            episcopi cappellano</roleName></persName>, <persName ref="#Guidetuscamp"
                        >Guideto <roleName>campario</roleName></persName>, <persName ref="#Butafava"
                        >Butafava</persName> et aliis multis, presentibus et rogatis. </p>
                <p xml:id="CCCLXXXII_p_003" n="3"><ptr target="#CCCLXXXII_st_001"/> Ego <persName
                        ref="#Peregrinusnot">Peregrinus, <roleName>summi pontificis auctoritate
                            notarius ac iudex ordinariu</roleName>s</persName>, hanc cartam a
                        <persName ref="#Bonalbergusnot4">Bonalbergo, patre meo</persName>,
                    abreviatam, visa eius sceda, ipso presente, precibus et mandato ipsius, scripsi
                    et in publicam formam redegi et meo signo et nomine roboravi. </p>
            </div>
        </body>
    </text>
</TEI>
