<?xml version="1.0" encoding="UTF-8"?>
<?xml-model href="../schema/tei_cp.rng" type="application/xml" schematypens="http://relaxng.org/ns/structure/1.0"?>
<TEI xmlns="http://www.tei-c.org/ns/1.0">
	<teiHeader>
		<fileDesc>
			<titleStmt>
				<title/>
			</titleStmt>
			<publicationStmt>
				<publisher/>
			</publicationStmt>
			<sourceDesc>
				<msDesc>
					<msIdentifier/>
				</msDesc>
			</sourceDesc>
		</fileDesc>
	</teiHeader>
	<text xml:id="CCCXLIIII_306">
		<front xml:id="CCCXLIIII_front">

			<titlePart type="numerazioneNuova">306</titlePart>
			<titlePart type="numerazioneOrig">CCCXLIIII</titlePart>

			<docDate xml:id="CCCXLIIII_docDate">
				<date when="1198-06-01">1198 giugno 1</date>, <placeName>Carrara (<emph>Carrarie, in
						curia de Viciale</emph>)</placeName>
			</docDate>

			<div type="regesto" xml:id="CCCXLIIII_regesto">
				<p>Il vescovo Gualterio concede in livello a Ugolino del fu Armannino di Carrara
					l’intero podere che prima teneva Gerardino di San Martino. </p>
			</div>

			<div type="footer" xml:id="CCCXLIIII_footer">

				<div type="orig_doc">
					<p>Copia [C] CP c. 304v., c. CCLXXXXVIv. secondo la numerazione originale </p>
				</div>

				<div type="biblio">
					<p> Edizione parziale in <ref target="#LUPO_GENTILE_1912">LUPO GENTILE
							1912</ref> 1912, n. 344, p. 331. </p>
				</div>

				<div type="crit_notes">
					<p/>
				</div>

				<div type="appr">
					<p/>
				</div>
			</div>
		</front>

		<body>
			<div xml:id="CCCXLIIII_div">
				<p xml:id="CCCXLIIII_p_001"><ptr target="#CCCXLIII_st_001"/> In Dei nomine, amen.
						<date when="1198-06-01">Anno a nativitate Eius millesimo C nonagesimo VIII,
						indictione Ia, die lune, qui fuit in kalendis iunii.</date> Dominus
						<persName ref="#GualEpLuni">Gualterius, <roleName>Dei gratia Lunensis
							Ecclesie episcopus</roleName></persName>, per se et suos successores
					dedit ac tradidit et cum investitura confirmavit <persName
						ref="#UgolinusArmannini">Ugolino, filio quondam Armannini <placeName
							ref="#Carrara">de Carraria</placeName></persName>, recipienti pro se et
					suis heredibus, videlicet quicquid de <note xml:id="CCCXLIIII_n_001" n="a"
						place="foot">
						<term xml:lang="latin">de</term>:<emph>nel manoscritto</emph>
						<term xml:lang="latin">d</term>
						<emph>corretto su</emph>
						<term xml:lang="latin">q</term>
						<emph>sormontato da croce, il copista aveva scritto il segno abbreviativo
							per</emph>
						<term xml:lang="latin">quondam</term></note> poderis<note
						xml:id="CCCXLIIII_n_002" n="b" place="foot">
						<term xml:lang="latin">poderis</term>: <emph>così nel testo</emph></note>
					vel possessionibus sive casis seu tenimenti<add place="inline">s</add>
					<persName ref="#Gerardinus">Gerardinus <placeName>de Sancto
						Martino</placeName></persName> per iamscriptum dominum sive eius
					predecessores aliquo modo vel ingenio tenebat aut recognoscebat in plano et in
					monte, agrum et cultum, plenum et vacuum, divisim <add place="inline">et
						indivisim</add>, quocumque modo sit, cum casis, cum terris, cum pascuis,
					pratis, silvis, agresticis et domesticis, ubicumque de tenuta illa inveniri
					poterit, videlicet quam tenutam tenebat et tenere visus erat per episcopum, tali
					pacto ut iamscriptus <persName ref="#UgolinusArmannini">Ugolinus</persName>
					eiusque heredes de cetero perpetualiter ipsam tenutam habeant et teneant et
					fruantur libellario nomine, in integrum, cum omni iure et proprietate et
					pertinencia suis et cum omnibus accessibus et ingressibus suis, qualiter
					superius legitur, reddendo enim et persolvendo de iamscripta libellaria a parte
					iamscripti <persName ref="#UgolinusArmannini">Ugolini</persName> et eius heredum
					iamdicto domino episcopo suisque successoribus, vel eius castaldioni sive
					nunciis quibus commiserint, perpetualiter, annuatim, quicquid ex ipsa tenuta
					iamscriptus <persName ref="#Gerardinus">Gerardinus</persName> persolvere vel
					facere solebat iamscripto domino episcopo vel alicui pro eo, videlicet illa
					servicia vel condictiones sive pensiones prout exinde fieri solebat tantum; alia
					superimposita inter eos de hoc fieri non debet. Item constituerunt ut pena<add
						place="inline">m</add>
					<measure unit="soldi" quantity="20">XX soldorum</measure> alteri parti
					persolvere teneatur quicumque ex ipsis aut illorum heredum vel successorum
					tollere vel laxare voluerit vel contra hunc libellum venire presumpserit; qua
					soluta, iste libellus non minus in sua permaneat firmitate. </p>
				<p xml:id="CCCXLIIII_p_002">Acta sunt hec <placeName ref="#Carrara"
						>Carrarie</placeName>, in curia de <placeName ref="#VicialeUgolini"
						>Viciale</placeName>, feliciter. Ibi fuerunt vocati testes <persName
						ref="#Franciscuscas">Francescus <roleName>castaldio</roleName></persName>,
						<persName ref="#ThedescusBeccafabe">Thedescus quondam Beccafabe <placeName
							ref="#Lucca">de Luca</placeName></persName> et <persName>Zaconus
							<placeName ref="#Codena">de Codano</placeName></persName>. </p>
				<p xml:id="CCCXLIIII_p_003">Ego <persName ref="#Prefecturnot">Prefectus,
							<roleName>sacri palacii et Lunensis curie
					notarius</roleName></persName>, rogatus hunc libellum scripsi. </p>
			</div>
		</body>
	</text>
</TEI>
