﻿<?xml version="1.0" encoding="UTF-8"?>
<?xml-model href="../schema/tei_cp.rng" type="application/xml" schematypens="http://relaxng.org/ns/structure/1.0"?>
<TEI xmlns="http://www.tei-c.org/ns/1.0">
    <teiHeader>
        <fileDesc>
            <titleStmt>
                <title/>
            </titleStmt>
            <publicationStmt>
                <publisher/>
            </publicationStmt>
            <sourceDesc>
                <msDesc>
                    <msIdentifier/>
                </msDesc>
            </sourceDesc>
        </fileDesc>
    </teiHeader>
    <text xml:id="CCCXXXVII_299">
        <front xml:id="CCCXXXVII_front">

            <titlePart type="numerazioneNuova">299</titlePart>
            <titlePart type="numerazioneOrig">CCCXXXVII</titlePart>

            <docDate xml:id="CCCXXXVII_docDate">
                <date when="1234-01-22">1234 gennaio 22</date>, <placeName>Carrara (<emph>Carrarie,
                        in domo Guilielmi quondam Guidonis Pisani</emph>)</placeName>
            </docDate>

            <div type="regesto" xml:id="CCCXXXVII_regesto">
                <p>Incuncello di Stabio loca a livello perpetuo a Guglielmo di donna Emma e a
                    Fortino di Torano, consoli di Carrara, che ricevono a nome del comune, un pezzo
                    di terra sita in <term xml:lang="latin">Ortomorano</term>, o <term xml:lang="latin">Flumeneço</term>, attraverso cui scorre l’acqua che va
                    al mulino del comune di Carrara posto presso il ponte di Cimatico. Il fitto
                    annuale è di un denaro minuto di Parma. La transazione costa 5 denari di
                    imperiali.</p>
            </div>

            <div type="footer" xml:id="CCCXXXVII_footer">

                <div type="orig_doc">
                    <p>Copia [C] CP cc. 301r.-301v., cc. CCLXXXXIIIr.-CCLXXXXIIIv. secondo la
                        numerazione originale </p>
                </div>

                <div type="biblio">
                    <p>Edizione parziale in <ref target="#LUPO_GENTILE_1912">Lupo Gentile
                        1912</ref>, n. 337, p. 325. </p>
                </div>

                <div type="crit_notes">
                    <note> </note>
                </div>

                <div type="appr">
                    <p/>
                </div>
            </div>
        </front>

        <body>
            <div xml:id="CCCXXXVII_div">
                <p xml:id="CCCXXXVII_p_001" n="1">In nomine Domini, amen. <date when="1234-01-22"
                        >Anno a nativitate Eius millesimo CCXXXIIII, indictione VII, die dominico,
                        XI kalendas februarii</date>. Ego <persName ref="#IuncuncellusStabio"
                        >Incuncellus de <placeName ref="#Stabio">Stabio</placeName></persName> do et
                    loco per libellum vobis <persName ref="#GuilielmusEmma">Guilielmo de donna
                        Emma</persName> et <persName ref="#FortinusTorano">Fortino de <placeName
                            ref="#Torano">Torano</placeName></persName>,
                        <roleName>consulibus</roleName> de <placeName ref="#Carrara"
                        >Carraria</placeName>, recipientibus vice et nomine pro dicto communi de
                        <placeName ref="#Carrara">Carraria</placeName> et cui dare vel committere
                    voluerit dictum commune de Carraria, in perpetuum, petiolam I terre sitam in
                    loco dicto <placeName ref="#Ortomorano">Ortomorano</placeName> vel <placeName
                        ref="#Flumeneço">Flumeneço</placeName>, per quam terram vadit seu currit
                    aqua ad molendinum dicti communis de <placeName ref="#Carrara"
                        >Carraria</placeName>, quod est factum seu hedificatum per dictum commune de
                        <placeName ref="#Carrara">Carraria</placeName> apud <placeName
                        ref="#PonteCimatico">pontem de Cimatico</placeName>, cui terre coheret
                    desuper et desubter terra mea et si qui alii sunt confines, ita ut amodo
                    perpetuo dictum commune et cui dederit vel commiserit nomine libelli habeatis,
                    teneatis, fruamini et possideatis<note xml:id="CCCXXXVII_n_001" n="a"
                        place="foot"><term xml:lang="latin">habeatis, teneatis, fruamini et
                            possideatis</term>: <emph>così nel testo per</emph>
                        <term xml:lang="latin">habeant, teneant, fruantur et
                        possideant</term>.</note> totam dictam terram, cum accessibus et regressibus
                    suis et omnibus suis pertinenciis in integrum sine alic<supplied reason="omitted">ui</supplied>us aliqua contradictione et cum mea meorumque heredum rationabili
                    deffensione ab omni persona et loco vel restauratione facienda supra mea bona ad
                    hoc obligata in consimili loco, in arbitrio bonorum hominum, prout tunc
                    valuerit, si rationabiliter deffendere non possem. Et si advenerit quod dicta
                    terra vel levata, per quam currit aqua ad dictum molendinum, dirueret vel se
                    destrueret aliquo casu, licitum sit dicto communi de <placeName ref="#Carrara"
                        >Carraria</placeName> et cui commissum fuerit dictum molendinum dictam
                    levatam per dictam terram reaptare et redificare<note xml:id="CCCXXXVII_n_002"
                        n="b" place="foot">
                        <term xml:lang="latin">redificare</term>: <emph>così nel testo, forse
                            per</emph>
                        <term xml:lang="latin">hedificare</term>
                        <emph>come nei documenti 293 (CCCXXXI), 294 (CCCXXXII), 295 (CCCXXXIII), 296
                            (CCCXXXIIII), 297 (CCCXXXV)</emph>.</note>, ascen-<pb n="301v"
                        xml:id="fol_301v"/>dendo et descendendo per dictam terram eorum arbitrio et
                    voluntate, ad utilitatem predicti molendini. Et vos predicti consules pro dicto
                    communi promittitis mihi, <supplied reason="omitted">stipulanti</supplied> et recipienti pro
                    meis heredibus, dare et solvere nomine pensionis, omni anno, infra octavam
                    nativitatis Domini, <measure type="Parmensi" unit="soldi" quantity="1">denarium
                        I Parmensium</measure> tantum; alia superimposita non fiat. Et si pensio
                    predicta teneretur per triennium vel per plures annos, non propter hoc amittatur
                    possessio, set pensio predicta mihi meisque heredibus reddatur; unde do vobis
                    licenciam inde intrandi in tenutam, vestra auctoritate. Et confiteor me
                    recepisse a vobis pro dicto communi servicium <measure type="imperiales"
                        unit="soldi" quantity="5">soldorum V imperialium</measure> pro libellatico,
                    renunciando exceptioni non habiti et recepti denarii. Et constituo vobiscum ut
                    quicumque nostrum vel nostrorum heredum vel successorum unquam dictam terram
                    tollere vel laxare aut contra id quod superius legitur venire voluerit, alteri
                    parti, fidem servanti, penam <measure type="imperiales" unit="soldi"
                        quantity="20">XX soldorum imperialium</measure> solvat, rato manente pacto,
                    pena soluta vel non.</p>
                <p xml:id="CCCXXXVII_p_002" n="2">Actum <placeName ref="#Carrara"
                        >Carrarie</placeName>, in domo <persName ref="#Guilielmusnot">Guilielmi
                        quondam Guidonis Pisani</persName>, presentibus <persName
                        ref="#ArduinusPetrognano">Arduino de <placeName ref="#Petrognano"
                            >Petrognano</placeName></persName> et <persName
                        ref="#UgolinusGualteronis">Ugolino Gualteroni</persName> et <persName
                        ref="#LeoTorano">Leone<note xml:id="CCCXXXVII_n_003" n="c" place="foot">
                            <emph><term xml:lang="latin">Leone</term>: L corretto su precedente
                                scrittura.</emph></note> de <placeName ref="#Torano"
                            >Torano</placeName></persName>, testibus ad hec rogatis.</p>
                <p xml:id="CCCXXXVII_p_003" n="3"><ptr target="#CCCXXXVII_st_001"/> Ego <persName
                        ref="#Guilielmusnot">Guilielmus</persName>, <roleName>notarius sacri
                        palacii</roleName>, hiis omnibus interfui et rogatus scripsi.</p>
            </div>
        </body>
    </text>
</TEI>
