﻿<?xml version="1.0" encoding="UTF-8"?>
<?xml-model href="../schema/tei_cp.rng" type="application/xml" schematypens="http://relaxng.org/ns/structure/1.0"?>
<TEI xmlns="http://www.tei-c.org/ns/1.0">
    <teiHeader>
        <fileDesc>
            <titleStmt>
                <title/>
            </titleStmt>
            <publicationStmt>
                <publisher/>
            </publicationStmt>
            <sourceDesc>
                <msDesc>
                    <msIdentifier/>
                </msDesc>
            </sourceDesc>
        </fileDesc>
    </teiHeader>
    <text xml:id="CCCXXXVIIII_301">
        <front xml:id="CCCXXXVIIII_front">

            <titlePart type="numerazioneNuova">301</titlePart>
            <titlePart type="numerazioneOrig">CCCXXXVIIII</titlePart>

            <docDate xml:id="CCCXXXVIIII_docDate">
                <date when="1235-02-19">1235 febbraio 19</date>, <placeName>Ameglia (<emph>in curia
                        Amelie</emph>) </placeName>
            </docDate>

            <div type="regesto" xml:id="CCCXXXVIIII_regesto">
                <p>Il vescovo di Luni Guglielmo loca in perpetuo ad homagium a Vezzale del fu Ugone
                    Rosso di Vezzale tutto il podere un tempo di proprietà di Imeldina del fu
                    Tancredi di Miseglia e suo marito Gerardo de la Bella posto in <term xml:lang="latin">Chisicto</term>. La
                    concessione costa 4 lire di imperiali.</p>
            </div>

            <div type="footer" xml:id="CCCXXXVIIII_footer">

                <div type="orig_doc">
                    <p>Copia [C] CP cc. 302r.-302v., cc. CCLXXXXIIIIr.-CCLXXXXIIIIv. secondo la
                        numerazione originale </p>
                </div>

                <div type="biblio">
                    <p>Edizione parziale in <ref target="#LUPO_GENTILE_1912">Lupo Gentile
                        1912</ref>, n. 339, pp. 326-327. Il documento è ripetuto nel n. 321 (CCCLVIIII), 
                        tuttavia i due testi presentano le seguenti differenze: 
                        nel 321 lo scriba prende da copia autentica del notaio Pasqualino, a sua volta derivata 
                        da <emph>mundum</emph> del notaio Bonencontro di Soliera; 
                        nel 301 lo scriba prende invece da copia autentica di mano del notaio Engheramo del fu Parente,
                        desunta non da <emph>mundum</emph>, bensì dalle imbreviature del notaio Bonencontro di Soliera. Differisce
                    anche il patronimico del locatario: Ugo nel 301, Guido nel 302.</p>
                </div>

                <div type="crit_notes">
                    <note> <p>Stesura <emph>in mundum</emph> databile tra il 1270
                        e il 1272 dalla presenza di Bonagiunta de Podio di Lucca.</p></note>
                </div>

                <div type="appr">
                    <p/>
                </div>
            </div>
        </front>

        <body>
            <div xml:id="CCCXXXVIIII_div">
                <p xml:id="CCCXXXVIIII_p_001" n="1">In nomine Domini, amen. <date when="1235-02-19"
                        >Millesimo CCXXXV, indictione VIII, die lune, XI kalendas marcii</date>. In
                    curia <placeName ref="#Ameglia">Amelie</placeName>, coram <persName
                        ref="#Guilielmuscast">Guilielmo, <roleName>castaldo</roleName> de <placeName
                            ref="#Carrara">Carraria</placeName></persName>, <persName
                        ref="#SalamuncellusBaratella"><roleName>domino</roleName> Salomone dicto
                            Baractella<note xml:id="CCCXXXVIIII_n_001" n="a" place="foot">
                            <term xml:lang="latin">Barartella</term>: ct <emph>corretto su</emph>
                            rb.</note>
                        <placeName ref="#Lucca">Lucano</placeName></persName>, <persName
                        ref="#Guiliemusnot">Guilielmo <roleName>notario</roleName> de <placeName
                            ref="#Carrara">Carraria</placeName></persName>, <persName
                        ref="#RomeusMorsellere">Romeo Morsellere de <placeName ref="#Sarzana">burgo
                            Sarzane</placeName></persName> et <persName ref="#RollandusVagus"
                        >Rollando Vago <placeName ref="#Lucca">Lucano</placeName></persName>,
                    testibus. Ex huius publici instrumenti clareat lectione quod venerabilis
                        <persName ref="#GuilEpLuni">Guilielmus, <roleName>Dei gratia Lunensis
                            episcopus</roleName></persName>, per se et suos successores dedit,
                    cessit et locavit ad homagium et per homagium <persName ref="#VeçaleUgonisRubei"
                        >Vecçali quondam Ugonis Rubei de <placeName ref="#Veçale"
                        >Veçale</placeName></persName> et eius heredibus, ab eis<note
                        xml:id="CCCXXXVIIII_n_002" n="b" place="foot"><term xml:lang="latin"
                            >eis</term>: <emph>così nel testo per</emph>
                        <term xml:lang="latin">eo</term>.</note> descendentibus, masculis et
                    feminis, in perpetuum, nominatim, totum podere, tenutam et tenimentum quod et
                    quam olim a curia Lunensi habuit et tenuit<note xml:id="CCCXXXVIIII_n_003" n="c"
                        place="foot">
                        <term xml:lang="latin">habuit et tenuit</term>: <emph>così nel testo
                            per</emph>
                        <term xml:lang="latin">habuerunt et tenuerunt</term>.</note>
                    <persName ref="#YmeldinaTancredi">Ymeldina quondam Tancredi</persName> de
                        <placeName ref="#Miselia">Miselia</placeName> et eius vir <persName
                        ref="#GerardusBella">Gerardus de la Bella</persName> de eodem loco seu
                    maiores ipsius <persName ref="#YmeldinaTancredi">Ymeldine</persName>, seu totum
                    podere et tenutam quod et que olim fuit ipsius <persName ref="#YmeldinaTancredi"
                        >Ymeldine</persName>, situm in <placeName ref="#Chisicto"
                        >Chisicto</placeName> et alibi, quicquid sit et quantumcumque et quocumque
                    et ubicumque decurrit vel exinde aliquid poterit inveniri, tam in plano quam in
                    monte, agrum et cultum, plenum et vacuum, divisum et indivisum, cum accessibus
                    et egressibus, superioribus et inferioribus suis omnique iure cunctaque
                    utilitate suprascripto poderi, tenute et tenimento competentibus et
                    competituris, ad habendum, tenendum, fruendum et possidendum, sine omni domini
                    episcopi suorumque successorum et cuiuscumque persone contradictione vel
                    molestatione, pro <measure type="imperiales" unit="soldi" quantity="4">libris
                        imperialium IIII<hi rend="superscript">or</hi></measure>, quas confessus
                    fuit se in veritate servicium recepisse, renunciando exceptioni non numerate
                    pecunie. </p>
                <p xml:id="CCCXXXVIIII_p_002" n="2">Ab omni quoque homine et contradicente persona
                    deffendere cum ratione et exbrigare promisit idem dominus episcopus suis
                    expensis et advocato suo; et si non poterit deffendere in locis consimilibus
                    restituere legitime, se et suos successores et bona Lunensis curie obligando, et
                    potestatem inde tenutam intrandi ei dedit et se, eius nomine, constituit
                    possidere; ac precepit dicto <persName ref="#Guilielmuscast">Guilielmo
                            <roleName>castaldo</roleName></persName> ut eum in corporalem tenutam
                    induceret de predictis, reddendo, faciendo et prestando idem <placeName
                        ref="#Veçale">Veçalis</placeName> et eius heredes, ab eo legitime
                    descendentes, omnes illas condictiones, factiones, exactiones, usancias,
                    servicia et colta ac redditus <pb n="302v" xml:id="fol_302v"/> quos, quas seu
                    que olim dicta <persName ref="#YmeldinaTancredi">Ymeldina</persName> et eius
                    maiores exinde curie Lunensi faciebant et reddebant et facere, reddere et
                    prestare consueverant; alia superimposita non fiat. </p>
            </div>
            <div xml:id= "CCCXXXVIIII_div2" type= "mundum">
                <p xml:id="CCCXXXVIIII_p_003" n="3"><ptr target="#CCCXXXVIIII_st_001"/> Ego <persName
                    ref="#HengeramusParentisnot">Hengheramus quondam Parentis de <placeName
                            ref="#Sarzanello">castro Sarzane</placeName></persName>,
                        <roleName>palacii sacri notarius</roleName>, hanc cartam olim a <persName
                        ref="#Bonencontrusnot">Bonencontro de <placeName ref="#Soleria"
                            >Soleria</placeName></persName>
                    <roleName>notario</roleName> abreviatam sive rogatam, prout in eius sceda et in
                    eius contractibus et imbreviaturis inveni, ita hic bona fide scripsi et
                    autenticavi et in publicam formam redegi, auctoritate et decreto super hiis mihi
                    prestita et concesso a <persName ref="#Bonaiunctaiud"
                        ><roleName>domino</roleName> Bonaiuncta de <placeName ref="#PodioLucca"
                            >Podio de Luca</placeName></persName>, <roleName>iudice</roleName> in
                        <placeName ref="#Lunigiana">provincia Lunisiane</placeName> pro venerabili
                    patre <persName ref="#GuilEpLuni">
                        <roleName>domino</roleName> Guilielmo, <roleName>Lunensi
                        episcopo</roleName></persName>, et Lucano communi, de qua auctoritate
                    constat per instrumentum publicum factum manu <persName ref="#Alcheriusnot"
                        >Alcherii <roleName>notarii</roleName> de <placeName ref="#Lucca"
                            >Luca</placeName></persName><note>Stesura <emph>in mundum</emph> del 
                                documento n. 301-CCCXXXVIIII databile tra il 1270
                                e il 1272 dalla presenza di Bonagiunta de Podio di Lucca 
                                <date notBefore="1270-01-01" notAfter="1272-12-31" cert="medium"></date></note>. </p>
            </div>
        </body>
    </text>
</TEI>
