<?xml version="1.0" encoding="UTF-8"?>
<?xml-model href="../schema/tei_cp.rng" type="application/xml" schematypens="http://relaxng.org/ns/structure/1.0"?>
<TEI xmlns="http://www.tei-c.org/ns/1.0">
    <teiHeader>
        <fileDesc>
            <titleStmt>
                <title/>
            </titleStmt>
            <publicationStmt>
                <publisher/>
            </publicationStmt>
            <sourceDesc>
                <msDesc>
                    <msIdentifier/>
                </msDesc>
            </sourceDesc>
        </fileDesc>
    </teiHeader>
    <text xml:id="CCLXXVIII_240">
        <front xml:id="CCLXXVIII_front">

            <titlePart type="numerazioneNuova">240</titlePart>
            <titlePart type="numerazioneOrig">CCLXXVII<supplied reason="omitted">I</supplied></titlePart>

            <docDate xml:id="CCLXXVIII_docDate">
                <date when="1232-08-31">1232 agosto 31</date>, <placeName>Ponzanello (<term
                        xml:lang="latin">in castro de Ponçanello</term>)</placeName>
            </docDate>

            <div type="regesto" xml:id="CCLXXVIII_regesto">
                <p>Guglielmo, vescovo di Luni, loca a Bonafede del fu Molinario <term
                        xml:lang="latin">de Monteçanne</term> (Monte Gianni) un pezzo di terra
                    boscosa <term xml:lang="latin">in monte Franci</term> al fitto di 4
                    &lt;denari&gt; di imperiali l’anno.</p>
            </div>

            <div type="footer" xml:id="CCLXXVIII_footer">

                <div type="orig_doc">
                    <p>Copia [C] CP c. 274r., c. CCLXVIr. secondo la numerazione
                        originale.</p>
                </div>

                <div type="biblio">
                    <p>Edizione parziale in <ref target="#LUPO_GENTILE_1912">LUPO GENTILE
                        1912</ref>, n. 278, p. 255.</p>
                </div>

                <div type="crit_notes">
                    <note>Lupo Gentile pone il documento al 30 agosto, data già corretta sulla base
                        del giorno della settimana da <ref target="#MAZZINI_1914">MAZZINI
                        1914</ref>, p. 19. Il documento presenta formule ceterate. A causa della
                        rifilatura della carta nel margine esterno manca l’ultima unità del numero
                        del documento. 
                        <p>Stesura <emph>in mundum</emph> databile tra il 1270
                            e il 1272 dalla presenza di Bonagiunta de Podio di Lucca.</p></note>
                </div>

                <div type="appr">
                    <p/>
                </div>
            </div>
        </front>

        <body>
            <div xml:id="CCLXXVIII_div">
                <p xml:id="CCLXXVIII_p_001" n="1">In Dei nomine, amen.<date when="1232-08-31">Anno
                        a nativitate Eius millesimo CCXXXII, indictione V, die martis, II kalendas
                        septembris</date>. In castro de <placeName ref="#Ponzanello"
                        >Ponçanello</placeName>, coram <persName ref="#GuidopresPon"
                            ><roleName>presbytero</roleName> Guidone de <placeName ref="#Ponzanello"
                            >Ponçanello</placeName></persName>, <persName ref="#GuilielmuspresPeg"
                            ><roleName>presbytero</roleName> Guilielmo de <placeName ref="#Pegazana"
                            >Pegaçana</placeName></persName>, <persName ref="#Ceredanuspres"
                            ><roleName>presbytero</roleName> Ceredano, habitatore <orgName
                                ref="S_Caprasio_Aulla">monasterii de <placeName ref="#Aulla"
                            >Avula</placeName></orgName></persName>, <persName
                        ref="#BonensegnaPorreto">Bonensegna de <placeName ref="#Porreto"
                            >Porreto</placeName></persName> et <persName ref="#FredericusPelegrini"
                        >Frederico, filio Peregrini, <roleName>castaldo</roleName> de <placeName
                            ref="#Carrara">Carraria</placeName></persName>, testibus. Venerabilis
                        <persName ref="#GuilEpLuni">Guiliemus, Dei gratia <roleName>Lunensis
                            episcopus</roleName></persName>, per se suosque successores dedit,
                    cessit atque locavit <persName ref="#BonafidesMolinariiMonteçann">Bonafidei
                        quondam Molinarii de <placeName ref="#MonteIanni"
                        >Monteçanne</placeName></persName> eiusque heredibus in perpetuum petiam I
                    terre nemorose, videlicet I iugerum, positam in <placeName ref="#MonteFranci"
                        >monte Franci</placeName>, cui sunt fines a capite <persName
                        ref="#GuiçolusÇunte">Guiçolus quondam Çunte</persName>, a pede <persName
                        ref="#RayneriusTerençoliis">Raynerius de Terençoliis</persName>, ab una
                    parte <persName ref="#BonafidesLasoro">Bonafide de <placeName ref="#Lasoro"
                            >Lasoro</placeName></persName> et ab alia est boscus sive terra ipsius
                    domini episcopi, cum accessibus et regressibus et cetera, promittens legitimam
                    deffensionem et sumptus omnes reficere et potestatem tenutam et cetera, et se
                    pro eo constituit possidere; et exinde promisit et teneatur idem <persName
                        ref="#BonafidesMolinariiMonteçann">Bonafides</persName> et eius heredes dare
                    et solvere fictam pensionem omni anno ipsi domino episcopo suisque
                    successoribus, infra octavam nativitatis Domini, <measure type="Imperiales"
                        quantity="4" unit="denari">IIII imperialium</measure> tantum; alia
                    superimposita non fiat. Et hec omnia ambe partes sub pena dupla<note
                        xml:id="CCLXXVIII_n_001" n="a" place="foot"><term xml:lang="latin"
                            >dupla</term>: a <emph>corretta su</emph> i.</note> rei suprascripte et
                    dupli omnium expensarum; et ea soluta et cetera omnia sua bona, et idem dominus
                    episcopus fructus Lunensis curie, obligando.</p>
            </div>
            <div xml:id= "CCLXXVIII_div2" type= "mundum">
                <p xml:id="CCLXXVIII_p_002" n="2"><ptr target="#CCLXXVIII_st_001" facs="#st_274r_002"
                    /> Ego <persName ref="#Henricusnot">Henricus de <placeName ref="#Sarzanello"
                            >castro Sarzane</placeName>, <roleName>sacri palacii
                        notarius</roleName></persName>, hanc cartam olim a <persName
                        ref="#Bonencontrusnot">Bonencontro de <placeName ref="#Soliera"
                            >Soleria</placeName>
                        <roleName>notario</roleName></persName> abreviatam sive rogatam, prout in
                    eius sceda et in eius contractibus et imbreviaturis inveni, ita hic bona fide
                    scripsi et autenticavi et in publicam formam redegi, auctoritate et decreto mihi
                    super hiis prestita et concesso a domino <persName ref="#Bonaiunctaiud"
                        >Bonaiuncta de <placeName ref="#PodioLucca">Podio de Luca</placeName>,
                            <roleName>iudice</roleName> in <placeName ref="#Lunigiana">provincia
                            Lunisiane</placeName></persName> pro venerabili patre domino Lunensi
                    episcopo et <placeName ref="#Lucca">Lucano communi</placeName>, de qua
                    auctoritate et decreto constat per instrumentum publicum factum manu <persName
                        ref="#Alcheriusnot">Alcherii <roleName>notarii</roleName> de <placeName
                            ref="#Lucca">Luca</placeName></persName><note>Stesura <emph>in mundum</emph> del 
                                documento n. 240-CCLXXVIII databile tra il 1270
                                e il 1272 dalla presenza di Bonagiunta de Podio di Lucca 
                                <date notBefore="1270-01-01" notAfter="1272-12-31" cert="medium"></date></note>.</p>
            </div>
        </body>
    </text>
</TEI>
