<?xml version="1.0" encoding="UTF-8"?>
<?xml-model href="../schema/tei_cp.rng" type="application/xml" schematypens="http://relaxng.org/ns/structure/1.0"?>
<TEI xmlns="http://www.tei-c.org/ns/1.0">
    <teiHeader>
        <fileDesc>
            <titleStmt>
                <title/>
            </titleStmt>
            <publicationStmt>
                <publisher/>
            </publicationStmt>
            <sourceDesc>
                <msDesc>
                    <msIdentifier/>
                </msDesc>
            </sourceDesc>
        </fileDesc>
    </teiHeader>
    <text xml:id="CCLXXXXIII_255">
        <front xml:id="CCLXXXXIII_front">

            <titlePart type="numerazioneNuova">255</titlePart>
            <titlePart type="numerazioneOrig">CCLXXXXIII</titlePart>

            <docDate xml:id="CCLXXXXIII_docDate">
                <date when="1235-04-09">1235 aprile 9</date>, <placeName>Sarzanello (<term
                        xml:lang="latin">in curia castri Sarzane</term>)</placeName>
            </docDate>

            <div type="regesto" xml:id="CCLXXXXIII_regesto">
                <p>Guglielmo, vescovo di Luni, loca a Gerardo di <term xml:lang="latin">Colle</term>
                    del fu Bosolino, abitante a Castelnuovo, tutte le terre che egli aveva preso
                        <term xml:lang="latin">pro castellaria</term>, poste in <term
                        xml:lang="latin">Pozio</term>, nelle pertinenze di Castelnuovo,
                    dell’estensione probabile di due iugeri. Il fitto annuale è di 4 denari di
                    imperiali. La concessione costa 20 soldi d’imperiali.</p>
            </div>

            <div type="footer" xml:id="CCLXXXXIII_footer">

                <div type="orig_doc">
                    <p>Copia [C] CP cc. 279r.-279v., c. CCLXXIr.-CCLXXIv. secondo la numerazione
                        originale.</p>
                </div>

                <div type="biblio">
                    <p>Edizione parziale in <ref target="#LUPO_GENTILE_1912">LUPO GENTILE
                        1912</ref>, n. 293, pp. 266-267.</p>
                </div>

                <div type="crit_notes">
                    <note>Il documento contiene formule ceterate. Rogito in stesura sommaria.
                        <p>Stesura <emph>in mundum</emph> databile tra il 1270
                            e il 1272 dalla presenza di Bonagiunta de Podio di Lucca.</p></note>
                </div>

                <div type="appr">
                    <p/>
                </div>
            </div>
        </front>

        <body>
            <div xml:id="CCLXXXXIII_div">
                <p xml:id="CCLXXXXIII_p_001" n="1">In Dei nomine, amen.<date when="1235-04-09"
                        >Millesimo CCXXXV, indictione VIII, die lune, IX mensis intrantis
                        aprilis</date>, in curia <placeName ref="#Sarzanello">castri
                        Sarzane</placeName>, in camera videlicet domini episcopi, coram <persName
                        ref="#ParensPasqualini">Parente quondam Pasqualini,
                            <roleName>castaldione</roleName></persName> domini episcopi, <persName
                        ref="#GerardusLucanusmag"><roleName>magistro</roleName> Girardo
                        Lucano</persName> et <persName ref="#CodorgolliusSar">Codorgollo de
                            <placeName ref="#Sarzanello">castro Sarzane</placeName></persName>,
                    testibus rogatis. Venerabilis <persName ref="#GuilEpLuni">Guilielmus, Dei gratia
                            <roleName>Lunensis episcopus</roleName></persName>, per se et
                    successores suos <pb n="279v" xml:id="fol_279v"/> suo et episcopatus nomine,
                    dedit, cessit atque locavit <persName ref="#GerardusColle">Girardo de <placeName
                            ref="#Colle">Colle</placeName> quondam Bosolini</persName>, habitatori
                        <placeName ref="#Castelnuovo">Castrinovi</placeName> et eius heredibus
                    descendentibus ab eo, in perpetuum, nominatim, omnes terras quas ipse super
                    acceperat sua auctoritate pro castellaria seu occasione castellarie <placeName
                        ref="#Castelnuovo">Castrinovi</placeName> et habebat et tenebat, preter
                    castellariam sibi olim assignatam et locatam, sitas in <placeName ref="#Pozio"
                        >Pozio</placeName>, et iura <placeName ref="#Castelnuovo"
                        >Castrinovi</placeName>, que sunt in pluribus locis, et possunt esse duo
                    iugera, pariter unus si est minus, cum accessibus et regressibus suis et omnibus
                    suis pertinentiis omnique iure et cetera, ad habendum, tenendum et cetera, sine
                    omni dicti domini episcopi et eius successorum et cuiuscumque persone
                    contradictione et cum sua et suorum successorum rationabili deffensione ab omni
                    homine et contradicente persona, vel restituere legitime in locis consimilibus,
                    se et suos successores et bona Lunensis curie obligando et cetera. Et exinde
                    fuit confessus dominus episcopus se ab eo servicium accepisse <measure
                        type="Imperiales" quantity="20" unit="soldi">XX soldorum
                        imperialium</measure>, renunciando non numerate pecunie et cetera. Teneantur
                    vero exinde reddere et solvere omni anno curie Lunensi et eius nunciis <persName
                        ref="#GerardusColle">Girardus</persName> et heredes sui, infra octavam
                    nativitatis Domini, fictam pensionem <measure type="Imperiales" quantity="4"
                        unit="denari">denariorum IIII imperialium</measure> tantum; alia
                    superimposita non fiant ei; et potestatem tenutam intrandi ei dedit et se pro eo
                    constituit interim possidere.</p>
            </div>
            <div xml:id= "CCLXXXXIII_div2" type= "mundum">
                <p xml:id="CCLXXXXIII_p_002" n="2"><ptr target="#CCLXXXXIII_st_001"
                        facs="#st_279v_001"/> Ego <persName ref="#Henricusnot">Henricus de
                            <placeName ref="#Sarzanello">castro Sarzane</placeName>, <roleName>sacri
                            palacii notarius</roleName></persName>, hanc cartam olim a <persName
                        ref="#Bonencontrusnot">Bonencontro de <placeName ref="#Soliera"
                            >Soleria</placeName>
                        <roleName>notario</roleName></persName> abreviatam sive rogatam, prout in
                    eius sceda et in eius contractibus et imbreviaturis inveni, ita hic bona fide
                    scripsi et autenticavi et in publicam formam redegi, auctoritate et decreto
                    super hiis mihi prestita et concesso a domino <persName ref="#Bonaiunctaiud"
                        >Bonaiuncta de <placeName ref="#PodioLucca">Podio de Luca</placeName>,
                            <roleName>iudice</roleName></persName> in <placeName ref="#Lunigiana"
                        >provincia Lunisiane</placeName> pro venerabili patre domino Lunensi
                    episcopo et <placeName ref="#Lucca">Lucano communi</placeName>, de qua
                    auctoritate et decreto constat per instrumentum publicum factum manu <persName
                        ref="#Alcheriusnot">Alcherii <roleName>notarii</roleName> de <placeName
                            ref="#Lucca">Luca</placeName></persName><note>Stesura <emph>in mundum</emph> del 
                                documento n. 255-CCLXXXXIII databile tra il 1270
                                e il 1272 dalla presenza di Bonagiunta de Podio di Lucca 
                                <date notBefore="1270-01-01" notAfter="1272-12-31" cert="medium"></date></note>.</p>
            </div>
        </body>
    </text>
</TEI>
