<?xml version="1.0" encoding="UTF-8"?>
<?xml-model href="../schema/tei_cp.rng" type="application/xml" schematypens="http://relaxng.org/ns/structure/1.0"?>
<TEI xmlns="http://www.tei-c.org/ns/1.0">
    <teiHeader>
        <fileDesc>
            <titleStmt>
                <title/>
            </titleStmt>
            <publicationStmt>
                <publisher/>
            </publicationStmt>
            <sourceDesc>
                <msDesc>
                    <msIdentifier/>
                </msDesc>
            </sourceDesc>
        </fileDesc>
    </teiHeader>
    <text xml:id="CCLXV_227">
        <front xml:id="CCLXV_front">

            <titlePart type="numerazioneNuova">227</titlePart>
            <titlePart type="numerazioneOrig">CCLXV</titlePart>

            <docDate xml:id="CCLXV_docDate">
                <date when="1265-09-08">1265 settembre 8</date>, <placeName>Verrucola Bosi (<term
                        xml:lang="latin">Venicule Bosorum, in domo Bilioli olim
                    Bremonis</term>)</placeName>
            </docDate>

            <div type="regesto" xml:id="CCLXV_regesto">
                <p>Il marchese Bernabò Malaspina, nel suo testamento, dichiara di restituire a
                    Guglielmo, vescovo di Luni, tutti i beni che aveva pertinenti
                    all’episcopato.</p>
            </div>

            <div type="footer" xml:id="CCLXV_footer">

                <div type="orig_doc">
                    <p>Copia di copia autentica [C] CP cc. 269r.-269v., c. CCLXIr-CCLXIv. secondo la
                        numerazione originale.</p>
                </div>

                <div type="biblio">
                    <p>Edizione in <ref target="#LUPO_GENTILE_1912">LUPO GENTILE 1912</ref>, n. 265,
                        p. 245.</p>
                </div>

                <div type="crit_notes">
                    <note>Nel margine esterno, di mano moderna: <term xml:lang="latin">de
                            Verrucula</term>.
                        <p>Autentica dell'8 aprile 1269.</p></note>
                </div>

                <div type="appr">
                    <p/>
                </div>
            </div>
        </front>

        <body>
            <div xml:id="CCLXV_div">
                <p xml:id="CCLXV_p_001" n="1">In nomine Domini, amen.<date when="1265-09-08">Anno a
                        nativitate Eius MCCLXV°, indictione VIII, die VIII intrante mense
                        septembri</date>. Ex huius publici instrumenti pagina pateat conctis
                    audientibus evidenter quod illustris vir dominus <persName
                        ref="#BernabosMalaspina">Bernabos, marchio Malaspina</persName>, in suo
                    testamento suaque ultima voluntate, scripto per me <persName ref="#Berneriusnot"
                        >Bernerium <roleName>notarium</roleName></persName>, plura dixit, precepit
                    et fieri voluit et, inter cetera et precipua que dixit, precepit et fieri
                    voluit, sic dixit et precepit: <quote rend="pre(«) post(»)">Ego volo et iubeo
                        quod omnia que habeo vel habui de hiis venerabilis patris domini <persName
                            ref="#GuilEpLuni">Guilielmi, <roleName>Lunensis
                            episcopi</roleName></persName>, et ad ipsum pro suo episcopatu
                        pertinentibus, restituantur et emendentur eidem ad voluntatem suam, et hec
                        omnia volo valere iure testamenti vel iure codicilli, et si iure testamenti
                        vel iure codicilli non valerent, valeant iure cuiuslibet mee ultime
                        voluntatis et omni alio iure quo melius valere possunt, quia hec est ultima
                        et finalis mea voluntas</quote>.</p>
                <p xml:id="CCLXV_p_002" n="2">Actum <placeName ref="#VerrucolaBosi">Venicule<note
                            xml:id="CCLXV_n_001" n="a" place="foot"><term type="incerto"
                                >Venicule</term>: <emph>così nel testo per</emph>
                            <term xml:lang="latin">Verricule</term>, <emph>con</emph> V
                                <emph>corretto su precedente scrittura</emph>.</note>
                        Bosorum</placeName>, in domo <persName ref="#BiliolusBremonis">Bilioli olim
                        Bremonis</persName>, coram ipso <persName ref="#BiliolusBremonis"
                        >Biliolo</persName> et iuris religiosis, <persName ref="#Egidiusfra"
                            ><roleName>fratre</roleName> Egidio de <placeName ref="#Cremona"
                            >Cremona</placeName></persName> et <persName ref="#Mansuetufra"
                            ><roleName>fratre</roleName> Mansueto de <placeName ref="#Sarzana"
                            >Sarzana</placeName></persName> de ordine Fratrum Minorum et <persName
                        ref="#Guilielmusfis"><roleName>magistro</roleName> Guilielmo</persName>,
                        <persName ref="#Martinusfis"><roleName>magistro</roleName> Martino de
                            <placeName ref="#Sancto_Paulo">sancto Paulo</placeName></persName>,
                        <roleName>fisicis</roleName>, <persName ref="#GerardusWulpilionis">Gerardo
                            W<supplied reason="omitted">u</supplied>lpilionis</persName> et <persName ref="#UgecioFano">Ugecione de
                            <placeName ref="#Fano">Fano</placeName></persName>, famil(iare) ipsius
                    domini marchionis, ad predicta testibus vocatis et rogatis.</p>
                <p xml:id="CCLXV_p_003" n="3"><ptr target="#CCLXV_st_001" facs="#st_269r_005"/> Ego
                        <persName ref="#Berneriusnot">Bernerius de <placeName ref="#VerrucolaBosi"
                            >Venicula</placeName><note xml:id="CCLXV_n_002" n="b" place="foot"><term
                                type="incerto">Venicula</term>: <emph>così nel testo per</emph>
                            <term xml:lang="latin">Verricula</term>.</note>, <roleName>notarius
                            sacri palacii</roleName></persName>, hiis omnibus interfui et, rogatus
                    scribere, scripsi et in formam publicam redegi.</p>
            </div>
            <div xml:id= "CCLXV_div2" type= "autentica">
                <p xml:id="CCLXV_p_004" n="4"><ptr target="#CCLXV_st_002" facs="#st_269r_006"/> Ego
                        <persName ref="#Peregrinusnot">Peregrinus, <roleName>summi pontificis
                            auctoritate notarius ac iudex ordinarius</roleName></persName>,
                    autenticum h<supplied reason="omitted">ui</supplied>us exempli
                    vidi et legi et ascultavi in presentia domini <pb n="269v" xml:id="fol_269v"/>
                    <persName ref="#NormanninusBernanduccisiud">Normannini <roleName>iudicis</roleName> et
                            <roleName>locum vicarii</roleName></persName> tenentis in <placeName
                        ref="#Lunigiana">provincia Lunisiane</placeName> pro venerabili patre domino
                        <persName ref="#GuilEpLuni">Guilielmo, Dei gratia <roleName>Lunensi
                            episcopo</roleName></persName>, et, nichil addito vel diminuto, de verbo
                    ad verbum fideliter exemplavi et eius auctoritate et mandato in publicam formam
                    redegi, que auctoritas mihi data fuit in <placeName ref="#Sarzanello">castro
                        Sarzane</placeName>, in camera palacii suprascripti domini episcopi, <date
                        when="1269-04-08">anno a nativitate Domini millesimo CCLXIX, indictione XII,
                        VIII aprilis<note>Autentica del documento n. 227-CCLXV.</note></date>, presentibus domino <persName ref="#Rubeusiud">Rubeo de
                            <placeName ref="#Sarzana">Sarzana</placeName>,
                            <roleName>iudice</roleName></persName>, et <persName ref="#Iacopinusarc"
                        >Iacobino, <roleName>archipresbytero de <placeName ref="#Ameglia"
                            ><orgName ref="#S_Vincenzo_Ameglia">Amelia</orgName></placeName></roleName></persName>, testibus ad hec
                    rogatis.</p>
            </div>
        </body>
    </text>
</TEI>
