<?xml version="1.0" encoding="UTF-8"?>
<?xml-model href="../schema/tei_cp.rng" type="application/xml" schematypens="http://relaxng.org/ns/structure/1.0"?>
<TEI xmlns="http://www.tei-c.org/ns/1.0">
    <teiHeader>
        <fileDesc>
            <titleStmt>
                <title/>
            </titleStmt>
            <publicationStmt>
                <publisher/>
            </publicationStmt>
            <sourceDesc>
                <msDesc>
                    <msIdentifier/>
                </msDesc>
            </sourceDesc>
        </fileDesc>
    </teiHeader>
    <text xml:id="CXXI_138">
        <front xml:id="CXXI_front">

            <titlePart type="numerazioneNuova">138</titlePart>
            <titlePart type="numerazioneOrig">CXXI</titlePart>

            <docDate xml:id="CXXI_docDate">
                <date when="1232-11-15">1232 novembre 15</date>, <placeName>Sarzanello (<emph>in
                        curia Lunensis episcopi de castro Sarzane</emph>).</placeName>
            </docDate>

            <div type="regesto" xml:id="CXXI_regesto">
                <p>Guglielmo, vescovo di Luni, loca a Villano del fu Porroneto di Porreto, che
                    riceve anche a nome di suo fratello Durante, un pezzo di terra, posta <term
                        xml:lang="latin">in monte Franci</term>. Il fitto è di 4 &lt;denari&gt; di
                    imperiali.</p>
            </div>

            <div type="footer" xml:id="CXXI_footer">

                <div type="orig_doc">
                    <p>Copia [C] CP c. 227v., c. CCXVIIIIv. secondo la numerazione originale.</p>
                </div>

                <div type="biblio">
                    <p>Edizione parziale in <ref target="#LUPO_GENTILE_1912">LUPO GENTILE
                        1912</ref>, n. 120, p. 154.</p>
                </div>

                <div type="crit_notes">
                    <p>Stesura <emph>in mundum</emph> databile tra il 1270
                        e il 1272 dalla presenza di Bonagiunta de Podio di Lucca.</p> <note/>
                </div>

                <div type="appr">
                    <p/>
                </div>
            </div>
        </front>

        <body>
            <div xml:id="CXXI_div">
                <p xml:id="CXXI_p_001" n="1">In Dei nomine, amen. Anno a nativitate Eius <date
                        when="1232-11-15">M°CC°XXXII, indictione V, die lune, XV intrante
                        novembri</date>. In <placeName ref="#Sarzanello">curia Lunensis episcopi de
                        castro Sarzane</placeName>, coram <persName ref="#MartinusMolinari"
                        >Martino</persName> et <persName ref="#BonafidesMolinari"
                        >Bonafide</persName> et <persName ref="#VenturaMolinari">Ventura</persName>,
                    germanis, quondam Molinarii de <placeName ref="#Posticio">Posticio</placeName>
                    et <persName ref="#MartinusFora">Martino de <placeName ref="#Foravino"
                            >Foravino</placeName></persName>, testibus. Venerabilis dominus
                        <persName ref="#GuilEpLuni">Guilielmus, Dei gratia <roleName>Lunensis
                            episcopus</roleName></persName>, dedit, cessit atque locavit <persName
                        ref="#VillanusPor">Villano quondam Porroneti de <placeName ref="#Porreto"
                            >Porreto</placeName></persName>, recipienti pro se et fratre suo
                        <persName ref="#DuransPor">Durante</persName> et eius heredibus, in
                    perpetuum, petiam unam terre boschose, que est unum iugerum, positam in
                        <placeName ref="#MonteFranci">monte Franci</placeName>, cui sunt fines
                    superius <persName ref="#BonalbergusMonte">Bonalbergus de <placeName
                            ref="#MonteIanni">monte Xanne</placeName></persName>, a pede canalis, ab
                    uno latere <persName ref="#Bellonus">Bellonus</persName> et ab alio <persName
                        ref="#Valentinus">Valentinus</persName>, cum accessibus et cetera. Et
                    promisit legitimam deffensionem; et exinde teneatur et debeat idem <persName
                        ref="#VillanusPor">Villanus</persName> reddere ipsi domino episcopo et suis
                    successoribus aut cui dederit, infra octavam nativitatis Domini, <measure
                        type="imperiales" quantity="4" unit="denari">IIII imperialium</measure>;
                    alia superimposita non fiat. Hoc pacto quod, si ipse conductor aut eius heredes
                    sine heredibus masculis legitimis decesserit, filia legitima existente, ipsa
                    mulier non debeat ipsam terram habere, nisi prius se inde cum curia concordabit;
                    et potest<supplied reason="omitted">atem</supplied> et
                    cetera.</p>
            </div>
            <div xml:id= "CXXI_div2" type= "mundum">
                <p xml:id="CXXI_p_002" n="2"><ptr target="#CXXI_st_001" facs="#st_227v_001"/> Ego
                        <persName ref="#Henricusnot">Henricus de <placeName ref="#Sarzanello">castro
                            Sarzane</placeName><roleName>sacri palatii
                        notarius</roleName></persName>, hanc cartam a <persName
                        ref="#Bonencontrusnot">Bonencontro de <placeName ref="#Soliera"
                            >Soleria</placeName>
                        <roleName>notario</roleName></persName> abreviatam sive rogatam, prout in
                    eius sceda et in eius contractibus et imbreviaturis inveni, ita hic bona fide
                    scripsi et auttenticavi et in publicam formam redegi, auctoritate et decreto
                    super hiis mihi prestita et concesso a <persName ref="#Bonaiunctaiud"
                        ><roleName>domino</roleName> Bonaiuncta de <placeName ref="#PodioLucca">Podio
                            de Luca</placeName>, <roleName>iudice</roleName> in <placeName
                            ref="#Lunigiana">provincia Lunisiane</placeName></persName> pro
                    venerabili patre domino Lunensi episcopo et <placeName ref="#Lucca">Lucano
                        communi</placeName>, de qua auctoritate et decreto constat per instrumentum
                    publicum factum manu <persName ref="#Alcheriusnot">Alcherii
                            <roleName>notarii</roleName> de <placeName ref="#Lucca"
                                >Luca</placeName></persName> <note>Stesura <emph>in mundum</emph> del 
                                    documento n. 138-CXXI databile tra il 1270
                                    e il 1272 dalla presenza di Bonagiunta de Podio di Lucca 
                                    <date notBefore="1270-01-01" notAfter="1272-12-31" cert="medium"></date></note>.</p>
            </div>
        </body>
    </text>
</TEI>
