﻿<?xml version="1.0" encoding="UTF-8"?>
<?xml-model href="../schema/tei_cp.rng" type="application/xml" schematypens="http://relaxng.org/ns/structure/1.0"?>
<TEI xmlns="http://www.tei-c.org/ns/1.0">
    <teiHeader>
        <fileDesc>
            <titleStmt>
                <title/>
            </titleStmt>
            <publicationStmt>
                <publisher/>
            </publicationStmt>
            <sourceDesc>
                <msDesc>
                    <msIdentifier/>
                </msDesc>
            </sourceDesc>
        </fileDesc>
    </teiHeader>
    <text xml:id="DXXII_483">
        <front xml:id="DXXII_front">

            <titlePart type="numerazioneNuova">483</titlePart>
            <titlePart type="numerazioneOrig">DXXII</titlePart>

            <docDate xml:id="DXXII_docDate">
                <date when="1279-02-20">1279 febbraio 20</date>, 
                <placeName>la Brina e poggio di Castiglione 
                  <emph>(<term xml:lang="latin">in ecclesia Sancti Blasii de Brina; in platea et aringo de Brina, ante ecclesiam Sancti Blasii; in podio de Castillione, quod est subtus castrum de Brina</term>)</emph>
                </placeName>
                <date when="1279-02-21">1279 febbraio 21</date>, 
                <placeName><supplied reason="omitted">Sarzanello</supplied> <emph>(<term xml:lang="latin">in curia vicarie</term>)</emph> 
                  e la Brina <emph>(<term xml:lang="latin">in platea et aringo, ante suprascriptam ecclesiam de Brina</term>)</emph></placeName>
            </docDate>

            <div type="regesto" xml:id="DXXII_regesto">
                <p>Estratto di due documenti e memoria di altri cinque, presenti negli atti della curia della vicaria di Lunigiana, in particolare nel &#8220;libro straordinario dei precetti e altre scritture straordinarie&#8221;  
                  composto quando era vicario Pietro degli Arrighini di Pontremoli.</p> 
                <p>Il 20 febbraio i consoli, Avito Cigorini e Filippo Guizolini, i consiglieri e gli uomini del comune della Brina, nominalmente elencati, giurano fedeltà al vescovo di Luni Enrico di fronte 
                  al notaio Fantinello <emph><term xml:lang="latin">Melioris</term></emph> di Lucca. 
                  Lo stesso giorno Alberto di Rosso e <emph><term xml:lang="latin">Bondies Bendecase</term></emph> di Sarzana, capitani del comune di Brina, giurano di obbedire ai precetti del vescovo  e il notaio Fantinello, 
                  a nome del vescovo e del vicario, ordina ai capitani Alberto Rossi <emph><term xml:lang="latin">de castro Sarzane</term></emph> e <emph><term xml:lang="latin">Bondies Bendecase</term></emph> di Sarzana 
                  di custodire bene e rettamente la terra della Brina controllando che i suoi uomini non la abbandonino senza permesso. 
                  Sempre il 20 febbraio  Bonvillano della Brina, sul poggio di Castiglione presso la Brina, giura come gli altri di obbedire ai precetti del vescovo.</p>
                <p>Il giorno seguente Brancaliano del fu Benuco della Brina giura come gli altri di obbedire ai precetti del vescovo in presenza del giudice della vicaria Egidio dei Gualdini di Parma. 
                  Il nuncio e corriere vescovile Proino di Santo Stefano riporta al notaio Fantinello di aver ordinato pubblicamente e ad alta voce al notaio Camporo della Brina, davanti alla sua casa che era presso Castiglione, 
                  che il giorno successivo si sarebbe dovuto recare personalmente dal vescovo sotto pena di 200 lire genovesi. La medesima ingiunzione viene ripetuta da Proino nella piazza della Brina di fronte alla chiesa.</p>
                <p>Segue poi l’elenco dei 500 servienti del vicariato suddivisi per comuni: Carrara 146, Sarzana 110, Serravalle 34, Castelnuovo 33, Sarzanello 42, Falcinello 21; Santo Stefano 18, Caprigliola 17, 
                  Bolano 24, Albiano 7, Stadano 3, Bruscarolo 3, Montebello 3, Ponzanello 12, Pulica 6, San Terenzo 5, Brina 5.</p>
            </div>

            <div type="footer" xml:id="DXXII_footer">

                <div type="orig_doc">
                    <p>Copia di copia autentica [C] cc. 386v.-387v., cc. CCCLXXVIIIv.-CCCLXXVIIIIv. secondo la numerazione originale.</p>
                </div>

                <div type="biblio">
                    <p>Edizione in <ref target="#LUPO_GENTILE_1912">LUPO GENTILE 1912</ref>, n. 522, pp. 569-573.</p>
                </div>

                <div type="crit_notes">
                     <note>Nel margine esterno di c. 386v., di mano moderna, una nota illeggibile a causa dell’inchiostro sbiadito.
                     <p>L’autentica risale al 1282.</p>
                     <p>Il giuramento degli uomini della Brina è conseguente alla presa di possesso del vescovo del castello attestata nei documenti 479 (DXVIII), 480 (DXVIIII), 482 (DXXI). 
                       La somma dei servienti della vicaria non è 500 come dichiarato, ma 472.</p>
                     </note>
                </div>

                <div type="appr">
                    <p/>
                </div>
            </div>
        </front>

        <body>
            <div xml:id="DXXII_div">
                <p xml:id="DXXII_p_001" n="1">In Dei eterni nomine, amen. Continetur in actis curie vicarie <placeName ref="#Lunigiana">Lunixiane</placeName> sive terrarum domini Lunensis episcopi, scilicet in quodam libro 
                  olim composito tempore domini <persName ref="#PetrusHenrighinis">Petri de Henrighinis de <placeName ref="#Pontremoli">Pontremulo</placeName> <roleName>olim vicarii</roleName></persName>, pro dicto episcopo in ipsa vicaria 
                  <placeName ref="#Lunigiana">Lunixiane</placeName> sive in terris eiusdem domini episcopi, <date when="1279">annis Domini et nativitatis Eius currentibus M°CCLXXIX, indictione VII</date>, ut infra. 
                  Et in primis continetur in titulo sive rubrica ipsius libri, in principio ipsius libri, ut infra: &#8220;Liber extraordinarius de preceptis et aliis scripturis extraordinariis, factus et compositus tempore domini 
                  <persName ref="#PetrusHenrighinis">Petri de <pb n="387r" xml:id="fol_387r"/> Henrighinis de <placeName ref="#Pontremoli">Pontremulo</placeName>, <roleName>nobilis vicarii</roleName></persName> 
                  pro <persName ref="#HenricusEpLuni"><roleName>domino</roleName> Henrico, <roleName>Dei gratia Lunensi episcopo</roleName></persName>, in terris eiusdem domini episcopi, existente 
                  cum eo <persName ref="#EgidiusGualdinis"><roleName>domino</roleName> Egidio de Gualdinis de <placeName ref="#Parma">Parma</placeName> pro <roleName>iudice et assessore</roleName></persName> in dicto vicariatu 
                  et <persName ref="#BonalbergusCarraranot">Bonalbergo de <placeName ref="#Carrara">Carraria</placeName></persName> et <persName ref="#FantinellusMelioris">Fantinello Melioris 
                  de <placeName ref="#Lucca">Luca</placeName></persName>, <roleName>notariis vicariatus</roleName> predicti, <date when="1279">annis dominice nativitatis Eius currentibus M°CCLXXIX, indictione VII</date>&#8221;.</p>
                <p xml:id="DXXII_p_002" n="2">Item continetur in ipso libro sive in actis ipsius libri, ut infra: &#171; In Dei nomine, amen. Isti sunt homines de <placeName>Brina</placeName> qui iuraverunt precepta 
                  et sequimenta venerabilis patris domini <persName ref="#HenricusEpLuni">Henrici, <roleName>Dei gratia Lunensis episcopi</roleName></persName>, et eius episcopatus 
                  et nobilis viri <persName ref="#PetrusHenrighinis"><roleName>domini</roleName> Petri de Henrighinis de <placeName ref="#Pontremoli">Pontremulo</placeName></persName> pro suprascripto domino Henrico episcopo, 
                  <roleName>vicarii vicarie</roleName> ipsius <persName ref="#HenricusEpLuni"><roleName>domini</roleName> Henrici, <roleName>Lunensis episcopi</roleName></persName>, et eius episcopatus Lunensis 
                  et eius curie et vicarie, in manibus meis<note place="foot" n="a" xml:id="DXXII_n_001"><term xml:lang="latin">meis</term>: <emph>così nel testo.</emph></note> 
                  <persName ref="#FantinellusMelioris">Fantinelli Melioris</persName><note place="foot" n="b" xml:id="DXXII_n_002"><term xml:lang="latin">eius curie-Melioris</term>: <emph>scritto su rasura.</emph></note>, 
                  pro suprascripto domino episcopo notarii suprascripte vicarie, recipientis vice et nomine ipsius domini episcopi et eius episcopatus et suprascripti vicarii et eius curie et vicarie suprascripte: 
                  <persName ref="#AvitusCigorini">Avitus Cigorini</persName>, <persName ref="#PhilippusGuiçolini">Philippus Guiçolini</persName>, <roleName>consules suprascripti communis</roleName>, 
                  <persName ref="#VegnutusTedeschi">Vegnutus Tedeschi</persName>, <persName ref="#CalandrinusPagani">Calandrinus Pagani</persName>, <persName ref="#PontremulinusMercadantis">Pontremolinus Mercadantis</persName>, 
                  <persName ref="#HengeramusBonaiuti">Hengheramus Bonaiuti</persName>, <persName ref="#RustigellusBaldi">Rusticellus de <placeName ref="#CapannaBaldi">capanna Baldi</placeName></persName>, <roleName>consiliarii suprascripti communis</roleName>, 
                  <persName ref="#RusticellusOpecini">Rusticellus Opecini</persName>, <persName ref="#GuilielmusFrancischi">Guilielmus Francischi</persName>, <persName ref="#GuerutiusPagani">Guerutius filius Pagani</persName>, 
                  <persName ref="#BonutiusGuilielmutii">Bonutius Guilielmutii</persName>, <persName ref="#IacopinellusRavaschini">Iacopinellus Ravaschini</persName>, <persName ref="#UgolinusTedeschi">Ugolinus quondam Tedeschi</persName>, 
                  <persName ref="#ParensPaganini">Parente quondam Paganini</persName>, <persName ref="#VegnutusArrighini">Vegnutus quondam Arrighini</persName>, <persName ref="#VualdusPetri">Vualdus Petri</persName>, 
                  <persName ref="#AnnobonusVitalis">Annobono quondam Vitalis</persName>, <persName ref="#BonaverePagani">Bonavere quondam Pagani</persName>, <persName ref="#CompagnusPorcelli">Compagnus Porcelli</persName>, 
                  <persName ref="#DominicusBonacursi">Dominicus Bonacursi</persName>, <persName ref="#GiafferrusBosi">Giafferrus quondam Bosi</persName>, <persName ref="#ConteIuncte">Conte quondam Iuncte</persName>, 
                  <persName ref="#PruinusCampi">Pruinus Campi</persName>, <persName ref="#CorsusOliverii">Corsus quondam Oliverii</persName>, <persName ref="#RuffaldusDominici">Ruffaldus quondam Dominici</persName>, 
                  <persName ref="#VenturaCaruttii">Ventura quondam Caruttii</persName>, <persName ref="#SymonAldebertini">Symone<note place="foot" n="c" xml:id="DXXII_n_003"><term xml:lang="latin">Symone</term>: 
                  <emph>così nel testo.</emph></note> Aldebertini</persName>, <persName ref="#UgolinusConforti">Ugolinus Conforti</persName>, <persName ref="#AlduinusParentini">Aldoinus quondam Parentini</persName>, 
                  <persName ref="#Gerardusmaglig">Gerardus <roleName>magister legnaminis</roleName></persName>, <persName ref="#IustonusUgolini">Iustone quondam Ugolini</persName>, 
                  <persName ref="#ManovellusBernardini">Manovellus quondam Bernardini</persName>. Qui omnes suprascripti homines de <placeName ref="#Brina">Brina</placeName>, 
                  mandato suprascriptorum consulum et <persName ref="#ProhinusSanctiStephani">Proin<supplied reason="omitted">i</supplied>, <roleName>nuncii et correrii</roleName></persName> 
                   suprascripti domini episcopi et vicarii suprascripti, et ipsi idem consules et consiliarii more solito coadunati in <orgName ref="S_Biagio_Brina">ecclesia  Sancti Blasii de <placeName ref="#Brina">Brina</placeName></orgName>, 
                   eorum et cuiusque eorum plano animo et voluntate, corporaliter iuraverunt dicta mandata et sequimenta predictorum coram me notario et in meis manibus et coram infrascriptis testibus, ut dictum est, 
                   coram presbytero Iumentone, <roleName>rectore et cappellano</roleName> suprascripte <orgName ref="S_Biagio_Brina">ecclesie Sancti Blasii de <placeName ref="#Brina">Brina</placeName></orgName>, 
                   et <persName ref="#GerardusHenriciFal">Gerardo quondam <roleName>domini</roleName> Henrici de <placeName ref="Falcinello">Falcinello</placeName></persName> et <persName ref="#VerghiliusSarzana">Verghilio 
                   de <placeName ref="#Sarzana">Sarzana</placeName></persName> quondam<note place="foot" n="d" xml:id="DXXII_n_004"><emph>Manca l’indicazione della paternità.</emph></note> 
                   et <persName ref="#ProhinusSanctiStephani">P<supplied reason="omitted">ro</supplied>yno, <roleName>nuncio et correrie</roleName></persName><note place="foot" n="e" xml:id="DXXII_n_005">
                   <term xml:lang="latin">correrie</term>: <emph>così nel testo per </emph><term xml:lang="latin">correrio</term></note> curie suprascripti vicarii, 
                   et <date when="1279-02-20">anno dominice nativitatis Eius M°CCLXXIX, indictione VII, die XX mensis februarii</date>&#187; .</p>
                <p xml:id="DXXII_p_003" n="3">Post hec, statim et incontinenti, eadem die in platea et aringo de <placeName ref="#Brina">Brina</placeName>, ante suprascriptam <orgName ref="S_Biagio_Brina">ecclesiam Sancti Blasii</orgName> 
                  et coram suprascriptis testibus, <persName ref="#AlbertusRossi">Albertus Rossi de <placeName ref="#Sarzanello">castro Sarzane</placeName></persName> et <persName ref="#BondiesBendecase">Bondies Bendecase 
                  de <placeName ref="#Sarzana">Sarzana</placeName></persName>, <roleName>capitanei electi</roleName>, positi et constituti per suprascriptum dominum episcopum et eius familiares et per suprascriptam curiam vicarii 
                  pro episcopatu et vicariatu <placeName ref="#Lunigiana">Lunixiane</placeName> ad custodiendum suprascriptam terram et commune et homines ad bonum et salvitatem<note place="foot" n="f" xml:id="DXXII_n_006">
                  <term xml:lang="latin">salvitatem</term>: <emph>così nel testo</emph>.</note> et honorem suprascripti domini episcopi et episcopatus et vicariatus, ad voluntatem ipsius domini episcopi, coram me notario 
                  et iamscriptis testibus videntibus, corporaliter iuraverunt parere mandatis suprascripti domini episcopi et vicarii suprascripti et portare et facere et exercere bene et legaliter suprascriptum officium capitanie, bene 
                  et legaliter custodire et salvare dictam terram et requirere homines ipsius terre de <placeName ref="#Brina">Brina</placeName> quamdiu placuerit ipsi domino episcopo et suprascripto vicario et ad mandatum ipsius domini episcopi, 
                  in parlamento publico, coadunato in suprascripta platea, ante dictam ecclesiam, mandato suprascripti nuncii et correrii, ex parte et mandato suprascripti domini episcopi et vicarii. Quibus suprascriptis 
                  <persName ref="#AlbertusRossi">Alberto</persName> et <persName ref="#BondiesBendecase">Bondiei</persName> et cuique ipsorum ego <persName ref="#FantinellusMelioris">Fantinellus</persName> suprascriptus, 
                  notarius curie vicarii suprascripti, loco et vice suprascripti domini episcopi et nomine et episcopatus et suprascripti vicarii et eius curie et vicariatus, precepi, nomine iuramenti et sub pena et banno eis 
                  et cuique ipsorum auferenda arbitrio suprascripti domini episcopi et eius vicarii et eius curie, quod suprascriptam terram de <placeName ref="#Brina">Brina</placeName> bene et legaliter custodiant 
                  et manuteneant et homines ipsius terre requirant, et inde ipsi nec aliquis eorum discedat, sine expressa licencia et mandato suprascripti domini episcopi. Suprascripta die et loco et coram suprascriptis testibus. </p>
                <p xml:id="DXXII_p_004" n="4">Post hec, statim et incontinenti, eadem die, coram suprascriptis testibus, <pb n="387v" xml:id="fol_387v"/> in podio de <placeName ref="#Castiglione">Castillione</placeName>, 
                  quod est subtus castrum de <placeName ref="#Brina">Brina</placeName>, <persName ref="#BonvillanusBrina">Bonvillanus de suprascripto loco de <placeName ref="#Brina">Brina</placeName></persName> iuravit precepta 
                  et sequimenta suprascripti domini episcopi et episcopatus et vicarii suprascripti et vicariatus, prout iuraverunt alii suprascripti de<placeName ref="#Brina">Brina</placeName>, in omnibus et per omnia. </p>
                <p xml:id="DXXII_p_005" n="5">Post hec etiam, <date when="1279-02-21">sequenti vero die, que fuit XXI mensis februarii</date>, <persName ref="#BrancalianusBernochi">Brancalianus quondam Benuchi 
                  de suprascripto loco <placeName ref="#Brina">Brina</placeName></persName> corporaliter iuravit precepta et sequimenta suprascripti domini episcopi et episcopatus Lunensis et suprascripti vicarii et eius curie, 
                  prout supra iurarunt alii suprascripti de <placeName ref="#Brina">Brina</placeName>, bona fide et sine fraude, in omnibus et per omnia, presente suprascripto iudice, coram 
                  <persName ref="#Rubeusiud"><roleName>domino</roleName> Russo <roleName>iudice</roleName></persName> et <persName ref="#FrancichinusRussinot">Francischino <roleName>notario</roleName>, eius filio</persName>, 
                  in curia suprascripta, et <persName ref="#GualterotusSaladini">Gualteroto quondam domini Saladini de <placeName ref="#Fosdinovo">Fosdenova</placeName></persName> et aliis. </p>
                <p xml:id="DXXII_p_006" n="6">Eodem die. <persName ref="#ProhinusSanctiStephani">P<supplied reason="omitted">ro</supplied>ynus, <roleName>nuncius et correrius curie vicarii</roleName></persName> suprascripti 
                  et vicarie suprascripte, retulit mihi <persName ref="#FantinellusMelioris">Fantinello, <roleName>notario curie</roleName></persName> suprascripte, se, mandato suprascripte curie vicarii, precepisse publice 
                  et alta voce <persName ref="#Camporusnot">Camporo, <roleName>notario</roleName> de <placeName ref="#Brina">Brina</placeName></persName>, ad domum et ante domum in qua ipse habitat et habitare consuevit, 
                  apud locum de <placeName ref="#Castiglione">Castillione</placeName>, quod est subtus castrum de <placeName ref="#Brina">Brina</placeName>, quod die crastina, per totam diem, 
                    in pena <measure type="ianuenses" quantity="200" unit="libra">librarum CC Ianuensium</measure>, compareat personaliter coram domino episcopo suprascripto. Eodem die et loco et coram suprascriptis testibus. </p>
                <p xml:id="DXXII_p_007" n="7">Eodem die. Item <persName ref="#ProhinusSanctiStephani">P<supplied reason="omitted">ro</supplied>ynus, <roleName>nuncius et correrius suprascripte curie vicarii</roleName></persName>, 
                  publice et alta voce in platea et aringo, ante suprascriptam ecclesiam de <placeName ref="#Brina">Brina</placeName>, precepit et preconizavit suprascripto <persName ref="#Camporusnot">Camporo</persName> 
                  quod, in pena et banno <measure type="ianuenses" quantity="200" unit="libra">CC librarum Ianuensium</measure>, compareat die crastina, per totam diem, 
                  coram suprascripto <persName ref="#HenricusEpLuni"><roleName>domino</roleName> Henrico, <roleName>Dei gratia Lunensi episcopo</roleName></persName>. </p>
                <p xml:id="DXXII_p_008" n="8">Item continetur in ipso libro dicte vicarie: &#171;Hec est cerna facta de hominibus terrarum vicariatus domini Lunensis episcopi: 
                  commune <placeName ref="#Carrara">Carrarie</placeName>, pro quingentis hominibus servientibus vicarie, sergentes CXLVI; 
                  commune <placeName ref="#Sarzana">Sarzane</placeName>, pro quingentis sergentibus, sergentes CX; 
                  commune <placeName ref="#Serravalle">Sarravallis</placeName>, pro suprascriptis sergentibus, sergentes XXXIIII; 
                  commune de <placeName ref="#Castelnuovo">Castronovo</placeName>, pro suprascriptis sergentibus, sergentes XXXIII; 
                  commune de <placeName ref="#Sarzanello">castro Sarzane</placeName>, pro suprascriptis sergentibus, sergentes XLII; 
                  commune de <placeName ref="#Falcinello">Falcinello</placeName>, pro suprascriptis sergentibus, sergentes XXI; 
                  commune de <placeName ref="#Santo_Stefano">Sancto Stephano</placeName>, pro suprascriptis sergentibus, sergentes XVIII; 
                  commune de <placeName ref="#Caprigliola">Capriliola</placeName>, pro suprascriptis sergentibus, sergentes XVII; 
                  commune <placeName ref="#Bolano">Bolani</placeName>, pro suprascriptis sergentibus, sergentes XXIIII; 
                  commune <placeName ref="#Albiano">Albiani</placeName>, pro suprascriptis sergentibus, sergentes VII; 
                  commune de <placeName ref="#Stadano">Stadano</placeName>, pro suprascriptis sergentibus, servientes III; 
                  commune de <placeName ref="#Bruscarolo">Bruscarolo</placeName>, pro suprascriptis servientibus, servientes III; 
                  commune de <placeName ref="#Montebello">Montebello</placeName>, pro suprascriptis servientibus, servientes III; 
                  commune de <placeName ref="#Ponzanello">Ponzanello</placeName>, pro suprascriptis servientibus, servientes XII; 
                  commune de <placeName ref="#Pulica">Pulyca</placeName>, pro suprascriptis servientibus, servientes VI; 
                  commune <placeName ref="#SanTerenzo">Sancti Terencii</placeName>, pro suprascriptis servientibus, servientes V; 
                  commune de <placeName ref="#Brina">Brina</placeName>, pro suprascriptis servientibus, servientes V&#187; .</p>
            </div>
            <div xml:id= "DXXII_div2" type= "autentica">
                <p xml:id="DXXII_p_009" n="9">(S.T.) Ego <persName ref="#BonacursusPetrinot">Bonacursus, filius Petri notarii de <placeName ref="#Sarzanello">castro Sarzane</placeName>, <roleName>notarius sacri palacii</roleName></persName>, 
                  prout hec in dicto libro curie suprascripte et actis ipsius libri inveni, ita hic fideliter exemplavi, scripsi, autenticavi et in publicam formam redegi. Et hec sic feci de mandato, auctoritate et decreto que mihi dedit 
                  et concessit venerabilis pater <persName ref="#HenricusEpLuni"><roleName>dominus</roleName> Henricus, <roleName>Dei gratia Lunensis episcopus</roleName></persName>, 
                  <date when="1282-10-19">anno Domini M°CC octuagesimo secundo, indictione X, die XIX mensis octubris</date><note>Autentica del documento n. 483-DXXII.</note>, 
                  in <placeName ref="#Sarzanello">castro Sarzane</placeName>, in camera palacii prefati domini episcopi, presentibus 
                  <persName ref="#BondiesRubeinot">Bondie <roleName>notario</roleName>, filio domini Rubei iudicis de <placeName ref="#Sarzana">Sarzana</placeName></persName>, 
                  et <persName ref="#Ugolinusarc"><roleName>domino</roleName> Ugolino <roleName>archipresbytero <orgName ref="#S_Andrea_Montedivalli">plebis de <placeName ref="#Sant_Andrea">Castello</placeName></orgName>, 
                  Lunensis dyocesis</roleName></persName>, testibus ad hec rogatis.</p>
            </div>
        </body>
    </text>
</TEI>